preset,seed,dest,budget,M,L_s,rel_out_err_median,rel_out_err_mean,signed_mass_median,abs_signed_mass_median,js_median,beta_mean,beta_min,beta_max,clamp_hits,mass_target_mean,mass_target_std,needed_compensation_median,needed_compensation_spread,solver_residual,rank_upper_bound,beta_ideal_mass_preserving
beta_off,42,0,8,16,256,0.6114278435707092,0.6701034903526306,-0.6373217105865479,0.6334809064865112,0.31580495834350586,0.0,0.0,0.0,0,nan,nan,nan,nan,nan,8,3.4657359027997265
legacy,42,0,8,16,256,0.6508623361587524,0.685917854309082,-0.7058295011520386,0.7045960426330566,0.32259801030158997,1.9307067394256592,1.6644418239593506,2.5145204067230225,0,1.0,9.610960205463925e-08,0.003626712132245302,5.485915958491503,165194848.0,8,3.4657359027997265
legacy_fixed_solver,42,0,8,16,256,0.7456039786338806,0.7925161719322205,-0.665169894695282,0.6622810959815979,0.34412556886672974,-7.192783355712891,-13.815510749816895,-5.147609233856201,1,1.0,9.610960205463925e-08,0.003626712132245302,5.485915958491503,2.656480073928833,8,3.4657359027997265
shift,42,0,8,16,256,0.6100533604621887,0.6665677428245544,-0.6411098837852478,0.6369748711585999,0.31650829315185547,-7.192311763763428,-13.815510749816895,-5.147590160369873,1,1.0,9.610960205463925e-08,0.003626712132245302,5.485915958491503,2.656480550765991,8,3.4657359027997265
am,42,0,8,16,256,0.5766401290893555,0.6328820586204529,-0.6441250443458557,0.6380824446678162,0.34917598962783813,-0.8915610313415527,-13.815510749816895,2.12475323677063,1,5.454752445220947,1.8992818593978882,3.7337162494659424,2.7829079316031033,22.911867141723633,8,3.4657359027997265
am_over_m,42,0,8,16,256,0.6120894551277161,0.662932276725769,-0.6418826580047607,0.6391724944114685,0.3178868889808655,-0.8915610313415527,-13.815510749816895,2.12475323677063,1,5.454752445220947,1.8992818593978882,3.7337162494659424,2.7829079316031033,22.911867141723633,8,3.4657359027997265
am_logfit,42,0,8,16,256,0.6130653023719788,0.6748808026313782,-0.6794595718383789,0.6758545637130737,0.3888299763202667,-2.198786735534668,-13.222411155700684,2.4541501998901367,0,5.454752445220947,1.8992818593978882,3.7337162494659424,2.7829079316031033,0.06954671442508698,8,3.4657359027997265
beta_off,42,0,16,16,256,0.5170372724533081,0.6125475764274597,-0.5082812309265137,0.5013551712036133,0.22032758593559265,0.0,0.0,0.0,0,nan,nan,nan,nan,nan,16,2.772588722239781
legacy,42,0,16,16,256,0.5402413010597229,0.6022961735725403,-0.6440251469612122,0.6342127323150635,0.2369016408920288,1.6000211238861084,1.0554522275924683,2.5145206451416016,0,1.0,9.610960205463925e-08,0.0021196086890995502,4.216947101100834,237127520.0,16,2.772588722239781
legacy_fixed_solver,42,0,16,16,256,1.2897942066192627,1.3283623456954956,-0.6595816016197205,0.6407623291015625,0.41704604029655457,-9.37158489227295,-13.815510749816895,-4.2066240310668945,7,1.0,9.610960205463925e-08,0.0021196086890995502,4.216947101100834,0.8640391826629639,16,2.772588722239781
shift,42,0,16,16,256,0.5209112167358398,0.591616690158844,-0.528535783290863,0.5257159471511841,0.22520264983177185,-9.3715238571167,-13.815510749816895,-4.206315994262695,7,1.0,9.610960205463925e-08,0.0021196086890995502,4.216947101100834,0.8640395402908325,16,2.772588722239781
am,42,0,16,16,256,0.5097259879112244,0.5458369255065918,-0.57804936170578,0.5768079161643982,0.291502445936203,-2.6556894779205322,-13.815510749816895,2.0708510875701904,4,5.454752445220947,1.8992818593978882,2.3778364658355713,1.747662585969477,1.272414207458496,16,2.772588722239781
am_over_m,42,0,16,16,256,0.48564448952674866,0.559848427772522,-0.5411926507949829,0.5367974042892456,0.22704245150089264,-2.6556894779205322,-13.815510749816895,2.0708510875701904,4,5.454752445220947,1.8992818593978882,2.3778364658355713,1.747662585969477,1.272414207458496,16,2.772588722239781
am_logfit,42,0,16,16,256,0.5061609745025635,0.5454092621803284,-0.5770257711410522,0.5676867365837097,0.30753618478775024,-3.313267707824707,-13.815510749816895,2.254091262817383,3,5.454752445220947,1.8992818593978882,2.3778364658355713,1.747662585969477,0.004837498068809509,16,2.772588722239781
beta_off,42,0,32,16,256,0.47394829988479614,0.504250705242157,-0.3625396192073822,0.3614863455295563,0.14537881314754486,0.0,0.0,0.0,0,nan,nan,nan,nan,nan,16,2.0794415416798357
legacy,42,0,32,16,256,0.8068349361419678,0.7968935370445251,-0.5693973302841187,0.5488821268081665,0.39692139625549316,-8.567096710205078,-13.815510749816895,-1.6264894008636475,16,1.0,9.610960205463925e-08,0.001364626339636743,3.782567047222921,4794.7685546875,16,2.0794415416798357
legacy_fixed_solver,42,0,32,16,256,1.0785490274429321,1.056287169456482,-0.5944074392318726,0.5905615091323853,0.3796423077583313,-10.99648666381836,-13.815510749816895,-4.369570255279541,21,1.0,9.610960205463925e-08,0.001364626339636743,3.782567047222921,0.12170721590518951,16,2.0794415416798357
shift,42,0,32,16,256,0.423890620470047,0.4617587625980377,-0.43865224719047546,0.43129390478134155,0.15063343942165375,-10.996371269226074,-13.815510749816895,-4.368861675262451,21,1.0,9.610960205463925e-08,0.001364626339636743,3.782567047222921,0.1217072531580925,16,2.0794415416798357
am,42,0,32,16,256,0.475008100271225,0.5244361758232117,-0.46449247002601624,0.44673001766204834,0.2131507396697998,-1.5547161102294922,-13.815510749816895,1.69913911819458,3,5.454752445220947,1.8992818593978882,1.8181862831115723,1.5747223609082692,0.002527958247810602,16,2.0794415416798357
am_over_m,42,0,32,16,256,0.42456957697868347,0.46113595366477966,-0.3918783664703369,0.3906205892562866,0.15035152435302734,-1.5547161102294922,-13.815510749816895,1.69913911819458,3,5.454752445220947,1.8992818593978882,1.8181862831115723,1.5747223609082692,0.002527958247810602,16,2.0794415416798357
am_logfit,42,0,32,16,256,0.4653536379337311,0.5269746780395508,-0.43012499809265137,0.42934250831604004,0.19626912474632263,0.24302887916564941,-1.9122512340545654,1.7779148817062378,0,5.454752445220947,1.8992818593978882,1.8181862831115723,1.5747223609082692,8.450129485026991e-12,16,2.0794415416798357
beta_off,42,1,8,16,256,0.6400279402732849,0.6891674995422363,-0.7519707679748535,0.7472494840621948,0.3899129033088684,0.0,0.0,0.0,0,nan,nan,nan,nan,nan,8,3.4657359027997265
legacy,42,1,8,16,256,1.4587751626968384,1.4728354215621948,-0.8668614029884338,0.8650297522544861,0.43528491258621216,2.164149045944214,1.0670909881591797,4.019516468048096,0,1.0,1.0437906183824452e-07,0.0030127104837447405,22.53698534524233,30875721728.0,8,3.4657359027997265
legacy_fixed_solver,42,1,8,16,256,0.9980334639549255,1.013117790222168,-0.7513635754585266,0.7500513195991516,0.5008474588394165,-8.549633026123047,-13.815510749816895,-4.978446006774902,3,1.0,1.0437906183824452e-07,0.0030127104837447405,22.53698534524233,2.522392749786377,8,3.4657359027997265
shift,42,1,8,16,256,0.6314266324043274,0.6625623106956482,-0.7238395810127258,0.7190328240394592,0.39270472526550293,-8.548075675964355,-13.815510749816895,-4.976646423339844,3,1.0,1.0437906183824452e-07,0.0030127104837447405,22.53698534524233,2.5223512649536133,8,3.4657359027997265
am,42,1,8,16,256,0.5745450854301453,0.6056895852088928,-0.7414877414703369,0.7395488023757935,0.43370866775512695,-0.625720739364624,-13.815510749816895,2.1771271228790283,1,0.6869058609008789,0.4996733069419861,4.001307487487793,4.194383609076479,0.20653532445430756,8,3.4657359027997265
am_over_m,42,1,8,16,256,0.6379941701889038,0.6897665858268738,-0.7612695097923279,0.7574108242988586,0.39142757654190063,-0.625720739364624,-13.815510749816895,2.1771271228790283,1,0.6869058609008789,0.4996733069419861,4.001307487487793,4.194383609076479,0.20653532445430756,8,3.4657359027997265
am_logfit,42,1,8,16,256,0.5873400568962097,0.6257293820381165,-0.7415801286697388,0.7360946536064148,0.43065235018730164,-0.058177411556243896,-9.808699607849121,2.4160282611846924,0,0.6869058609008789,0.4996733069419861,4.001307487487793,4.194383609076479,0.08388134837150574,8,3.4657359027997265
beta_off,42,1,16,16,256,0.633547306060791,0.6901324391365051,-0.6175851821899414,0.6175816655158997,0.2855057716369629,0.0,0.0,0.0,0,nan,nan,nan,nan,nan,16,2.772588722239781
legacy,42,1,16,16,256,1.4134716987609863,1.4351340532302856,-0.8403477668762207,0.8391470313072205,0.35524410009384155,1.7940467596054077,0.9282357692718506,4.019516468048096,0,1.0,1.0437906183824452e-07,0.0018418690888211131,11.518585884673824,32947818496.0,16,2.772588722239781
legacy_fixed_solver,42,1,16,16,256,0.9733355641365051,1.0443669557571411,-0.7372961044311523,0.7315003871917725,0.43163418769836426,-8.964978218078613,-13.815510749816895,-4.757981777191162,6,1.0,1.0437906183824452e-07,0.0018418690888211131,11.518585884673824,1.0278908014297485,16,2.772588722239781
shift,42,1,16,16,256,0.6415939331054688,0.6662711501121521,-0.5882800221443176,0.5775213241577148,0.28954434394836426,-8.965208053588867,-13.815510749816895,-4.75324821472168,6,1.0,1.0437906183824452e-07,0.0018418690888211131,11.518585884673824,1.0259819030761719,16,2.772588722239781
am,42,1,16,16,256,0.5696911811828613,0.6386843323707581,-0.6332626938819885,0.632537841796875,0.32403650879859924,-0.816666841506958,-13.815510749816895,1.7130085229873657,2,0.6869058609008789,0.4996733069419861,2.706080913543701,2.1507768629591575,0.023831650614738464,16,2.772588722239781
am_over_m,42,1,16,16,256,0.6181255578994751,0.6409107446670532,-0.6327416300773621,0.6312940716743469,0.2911806106567383,-0.816666841506958,-13.815510749816895,1.7130085229873657,2,0.6869058609008789,0.4996733069419861,2.706080913543701,2.1507768629591575,0.023831650614738464,16,2.772588722239781
am_logfit,42,1,16,16,256,0.5400292873382568,0.5608699321746826,-0.6943185329437256,0.6827977299690247,0.3871510624885559,-4.228928089141846,-13.815510749816895,1.9917068481445312,5,0.6869058609008789,0.4996733069419861,2.706080913543701,2.1507768629591575,0.0018529057269915938,16,2.772588722239781
beta_off,42,1,32,16,256,0.5263705253601074,0.5377857089042664,-0.4784928560256958,0.46745601296424866,0.1982225626707077,0.0,0.0,0.0,0,nan,nan,nan,nan,nan,16,2.0794415416798357
legacy,42,1,32,16,256,1.0813798904418945,1.0972293615341187,-0.7065993547439575,0.6992887258529663,0.4455305337905884,-9.795677185058594,-13.815510749816895,-3.0081841945648193,18,1.0,1.0437906183824452e-07,0.0013871341943740845,8.79891472930443,449.98046875,16,2.0794415416798357
legacy_fixed_solver,42,1,32,16,256,1.0154902935028076,0.994133710861206,-0.6972634196281433,0.6913014650344849,0.38921093940734863,-8.672642707824707,-13.815510749816895,-5.213712215423584,9,1.0,1.0437906183824452e-07,0.0013871341943740845,8.79891472930443,0.7513938546180725,16,2.0794415416798357
shift,42,1,32,16,256,0.5047202706336975,0.4984454810619354,-0.4010985791683197,0.3987671732902527,0.20278465747833252,-8.671295166015625,-13.815510749816895,-5.213541507720947,9,1.0,1.0437906183824452e-07,0.0013871341943740845,8.79891472930443,0.7508881092071533,16,2.0794415416798357
am,42,1,32,16,256,0.5514076352119446,0.5809794664382935,-0.5337357521057129,0.5057377219200134,0.2284509688615799,-0.026338879019021988,-13.815510749816895,1.1093430519104004,1,0.6869058609008789,0.4996733069419861,1.8203513622283936,1.6799119869473815,0.002279156818985939,16,2.0794415416798357
am_over_m,42,1,32,16,256,0.47658875584602356,0.5106492638587952,-0.4821375608444214,0.47934237122535706,0.1987408697605133,-0.026338879019021988,-13.815510749816895,1.1093430519104004,1,0.6869058609008789,0.4996733069419861,1.8203513622283936,1.6799119869473815,0.002279156818985939,16,2.0794415416798357
am_logfit,42,1,32,16,256,0.56322181224823,0.5907353758811951,-0.5391687750816345,0.5391687750816345,0.22966530919075012,0.406450480222702,-2.7650485038757324,1.3832818269729614,0,0.6869058609008789,0.4996733069419861,1.8203513622283936,1.6799119869473815,7.586475891940836e-11,16,2.0794415416798357
beta_off,42,2,8,16,256,0.6592616438865662,0.7137060761451721,-0.7473933696746826,0.7459770441055298,0.41477274894714355,0.0,0.0,0.0,0,nan,nan,nan,nan,nan,8,3.4657359027997265
legacy,42,2,8,16,256,0.6905165910720825,0.7261242270469666,-0.7605894804000854,0.7527914047241211,0.41723281145095825,1.5934662818908691,1.1478890180587769,2.03121280670166,0,1.0,6.34539887300889e-08,0.004788202699273825,4.29188816457203,38585744.0,8,3.4657359027997265
legacy_fixed_solver,42,2,8,16,256,1.0136406421661377,0.9771237969398499,-0.8245831727981567,0.8242988586425781,0.44760242104530334,-6.804062366485596,-13.815510749816895,-4.469308376312256,1,1.0,6.34539887300889e-08,0.004788202699273825,4.29188816457203,2.316636085510254,8,3.4657359027997265
shift,42,2,8,16,256,0.6441874504089355,0.7081188559532166,-0.7521961331367493,0.7485623359680176,0.4152153730392456,-6.803977012634277,-13.815510749816895,-4.4692206382751465,1,1.0,6.34539887300889e-08,0.004788202699273825,4.29188816457203,2.316636562347412,8,3.4657359027997265
am,42,2,8,16,256,0.6538237929344177,0.7091391086578369,-0.7994247674942017,0.7974411845207214,0.4280779957771301,1.3066123723983765,0.7503249049186707,2.181342363357544,0,3.4024791717529297,0.8614373803138733,5.044669151306152,2.512024914365822,10.862760543823242,8,3.4657359027997265
am_over_m,42,2,8,16,256,0.6563225388526917,0.7114267945289612,-0.7511237859725952,0.7493041753768921,0.4148266911506653,1.3066123723983765,0.7503249049186707,2.181342363357544,0,3.4024791717529297,0.8614373803138733,5.044669151306152,2.512024914365822,10.862760543823242,8,3.4657359027997265
am_logfit,42,2,8,16,256,0.6519339084625244,0.6946057677268982,-0.7910946607589722,0.7898522615432739,0.4209197759628296,1.525442361831665,0.6094629764556885,2.137279987335205,0,3.4024791717529297,0.8614373803138733,5.044669151306152,2.512024914365822,0.09400185942649841,8,3.4657359027997265
beta_off,42,2,16,16,256,0.6490547060966492,0.8170151710510254,-0.614357590675354,0.6123926639556885,0.28343915939331055,0.0,0.0,0.0,0,nan,nan,nan,nan,nan,16,2.772588722239781
legacy,42,2,16,16,256,0.6436682343482971,0.7810437679290771,-0.6569305062294006,0.6553069353103638,0.28839385509490967,1.4002631902694702,1.045160174369812,2.031212568283081,0,1.0,6.34539887300889e-08,0.002120246645063162,3.2943724245189436,72893056.0,16,2.772588722239781
legacy_fixed_solver,42,2,16,16,256,1.2962504625320435,1.4666543006896973,-0.7437781691551208,0.7417486906051636,0.3967355191707611,-8.286751747131348,-13.815510749816895,-4.719111919403076,5,1.0,6.34539887300889e-08,0.002120246645063162,3.2943724245189436,1.0874032974243164,16,2.772588722239781
shift,42,2,16,16,256,0.6236935257911682,0.7859432101249695,-0.6262637376785278,0.6253941655158997,0.28759193420410156,-8.286627769470215,-13.815510749816895,-4.718719482421875,5,1.0,6.34539887300889e-08,0.002120246645063162,3.2943724245189436,1.0874032974243164,16,2.772588722239781
am,42,2,16,16,256,0.7130112648010254,0.7370108962059021,-0.7126644253730774,0.710239052772522,0.3839609622955322,-2.5754716396331787,-13.815510749816895,2.1660048961639404,4,3.4024791717529297,0.8614373803138733,2.730820655822754,1.8034073792408998,1.5213453769683838,16,2.772588722239781
am_over_m,42,2,16,16,256,0.6213406324386597,0.761683464050293,-0.6394574642181396,0.6386913061141968,0.2967897653579712,-2.5754716396331787,-13.815510749816895,2.1660048961639404,4,3.4024791717529297,0.8614373803138733,2.730820655822754,1.8034073792408998,1.5213453769683838,16,2.772588722239781
am_logfit,42,2,16,16,256,0.697624921798706,0.739434003829956,-0.740145742893219,0.7208863496780396,0.3995591998100281,-3.2597529888153076,-13.815510749816895,2.265252113342285,4,3.4024791717529297,0.8614373803138733,2.730820655822754,1.8034073792408998,0.021764032542705536,16,2.772588722239781
beta_off,42,2,32,16,256,0.5745683312416077,0.5877795815467834,-0.4855671226978302,0.4844459891319275,0.20729155838489532,0.0,0.0,0.0,0,nan,nan,nan,nan,nan,16,2.0794415416798357
legacy,42,2,32,16,256,0.9969081282615662,1.1178174018859863,-0.7356855869293213,0.729428231716156,0.4745107889175415,-9.012288093566895,-13.815510749816895,-1.7453914880752563,17,1.0,6.34539887300889e-08,0.0016324295429512858,3.404690852676537,1710.4405517578125,16,2.0794415416798357
legacy_fixed_solver,42,2,32,16,256,1.3971469402313232,1.4611619710922241,-0.6530848145484924,0.637917160987854,0.5008920431137085,-10.14363956451416,-13.815510749816895,-4.106436252593994,18,1.0,6.34539887300889e-08,0.0016324295429512858,3.404690852676537,0.3421810567378998,16,2.0794415416798357
shift,42,2,32,16,256,0.55207359790802,0.5587226748466492,-0.47332414984703064,0.46826598048210144,0.21170729398727417,-10.144044876098633,-13.815510749816895,-4.105655193328857,18,1.0,6.34539887300889e-08,0.0016324295429512858,3.404690852676537,0.3420206308364868,16,2.0794415416798357
am,42,2,32,16,256,0.7439517378807068,0.8014890551567078,-0.6270987391471863,0.6158249974250793,0.3334639370441437,-3.2227442264556885,-13.815510749816895,2.2484724521636963,9,3.4024791717529297,0.8614373803138733,1.9349710941314697,1.6502958206237754,0.036146439611911774,16,2.0794415416798357
am_over_m,42,2,32,16,256,0.5715729594230652,0.5728526711463928,-0.5420821309089661,0.5395206809043884,0.22032639384269714,-3.2227442264556885,-13.815510749816895,2.2484724521636963,9,3.4024791717529297,0.8614373803138733,1.9349710941314697,1.6502958206237754,0.036146439611911774,16,2.0794415416798357
am_logfit,42,2,32,16,256,0.8707560896873474,0.8792116045951843,-0.6311212778091431,0.6082169413566589,0.32783105969429016,-0.12730443477630615,-4.553786277770996,2.725743055343628,0,3.4024791717529297,0.8614373803138733,1.9349710941314697,1.6502958206237754,1.5199619340933168e-10,16,2.0794415416798357
beta_off,43,0,8,16,256,0.8137503862380981,0.9156103730201721,-0.7233679890632629,0.71995609998703,0.3725249767303467,0.0,0.0,0.0,0,nan,nan,nan,nan,nan,8,3.4657359027997265
legacy,43,0,8,16,256,1.3492987155914307,1.3515119552612305,-0.8388085961341858,0.8354781270027161,0.40379589796066284,2.082148313522339,0.9946879148483276,3.7368757724761963,0,1.0,9.973764747428504e-08,0.002216602908447385,8.639088204292415,9682512896.0,8,3.4657359027997265
legacy_fixed_solver,43,0,8,16,256,1.3909560441970825,1.5116114616394043,-0.7794469594955444,0.776833713054657,0.4624716639518738,-8.093531608581543,-13.815510749816895,-4.889606475830078,2,1.0,9.973764747428504e-08,0.002216602908447385,8.639088204292415,3.7545204162597656,8,3.4657359027997265
shift,43,0,8,16,256,0.7896550893783569,0.8735635280609131,-0.7198407649993896,0.7080378532409668,0.37534528970718384,-8.094537734985352,-13.815510749816895,-4.887151718139648,2,1.0,9.973764747428504e-08,0.002216602908447385,8.639088204292415,3.754563570022583,8,3.4657359027997265
am,43,0,8,16,256,0.6417844295501709,0.6644896268844604,-0.7500627040863037,0.7481389045715332,0.41654592752456665,-0.8713704347610474,-13.815510749816895,1.7537081241607666,1,0.7686948776245117,0.395877480506897,3.2184360027313232,3.2540258137748763,0.629458487033844,8,3.4657359027997265
am_over_m,43,0,8,16,256,0.7803285717964172,0.8282856345176697,-0.7284841537475586,0.7236081957817078,0.3732932209968567,-0.8713704347610474,-13.815510749816895,1.7537081241607666,1,0.7686948776245117,0.395877480506897,3.2184360027313232,3.2540258137748763,0.629458487033844,8,3.4657359027997265
am_logfit,43,0,8,16,256,0.6729738712310791,0.8070425391197205,-0.6867242455482483,0.6844910979270935,0.3937884271144867,1.0536203384399414,-0.48163992166519165,2.5942294597625732,0,0.7686948776245117,0.395877480506897,3.2184360027313232,3.2540258137748763,0.07989679276943207,8,3.4657359027997265
beta_off,43,0,16,16,256,0.9729108214378357,1.1727910041809082,-0.6096813678741455,0.6085911989212036,0.2899971008300781,0.0,0.0,0.0,0,nan,nan,nan,nan,nan,16,2.772588722239781
legacy,43,0,16,16,256,1.5657224655151367,1.609320044517517,-0.8229091167449951,0.8093123435974121,0.3424457311630249,1.694549560546875,0.9898726940155029,3.7368764877319336,0,1.0,9.973764747428504e-08,0.0016385101480409503,6.374652611143826,10200652800.0,16,2.772588722239781
legacy_fixed_solver,43,0,16,16,256,2.3628454208374023,2.710928201675415,-0.7019937634468079,0.698467493057251,0.45243772864341736,-8.975178718566895,-13.815510749816895,-4.778626918792725,6,1.0,9.973764747428504e-08,0.0016385101480409503,6.374652611143826,1.233734369277954,16,2.772588722239781
shift,43,0,16,16,256,0.8819785714149475,1.0592015981674194,-0.6162390112876892,0.6155779361724854,0.2929718494415283,-8.972378730773926,-13.815510749816895,-4.778482437133789,6,1.0,9.973764747428504e-08,0.0016385101480409503,6.374652611143826,1.2340986728668213,16,2.772588722239781
am,43,0,16,16,256,0.6582705974578857,0.6667866110801697,-0.6091629862785339,0.5993965864181519,0.33753329515457153,-0.9090881943702698,-13.815510749816895,2.1628952026367188,2,0.7686948776245117,0.395877480506897,2.3790640830993652,2.1743514168106777,0.08178866654634476,16,2.772588722239781
am_over_m,43,0,16,16,256,0.8205565810203552,0.9441760182380676,-0.6237900853157043,0.6200613379478455,0.2929683029651642,-0.9090881943702698,-13.815510749816895,2.1628952026367188,2,0.7686948776245117,0.395877480506897,2.3790640830993652,2.1743514168106777,0.08178866654634476,16,2.772588722239781
am_logfit,43,0,16,16,256,0.6176995038986206,0.6200792193412781,-0.6363269686698914,0.6262898445129395,0.380593478679657,-3.1245577335357666,-13.815510749816895,2.1672990322113037,3,0.7686948776245117,0.395877480506897,2.3790640830993652,2.1743514168106777,0.009456253610551357,16,2.772588722239781
beta_off,43,0,32,16,256,0.5836399793624878,0.6307138800621033,-0.47043466567993164,0.46943163871765137,0.19979944825172424,0.0,0.0,0.0,0,nan,nan,nan,nan,nan,16,2.0794415416798357
legacy,43,0,32,16,256,1.0768860578536987,1.1545324325561523,-0.7067830562591553,0.6949166655540466,0.4272001385688782,-7.915799617767334,-13.815510749816895,-1.2105830907821655,14,1.0,9.973764747428504e-08,0.0011412104358896613,4.993100400336863,12556.6796875,16,2.0794415416798357
legacy_fixed_solver,43,0,32,16,256,1.52639639377594,1.5517029762268066,-0.6272188425064087,0.5868774056434631,0.41975167393684387,-8.880610466003418,-13.815510749816895,-4.950756549835205,10,1.0,9.973764747428504e-08,0.0011412104358896613,4.993100400336863,0.1725648045539856,16,2.0794415416798357
shift,43,0,32,16,256,0.5728272795677185,0.5898078083992004,-0.42363691329956055,0.41222119331359863,0.20435947179794312,-8.893113136291504,-13.815510749816895,-4.949300289154053,10,1.0,9.973764747428504e-08,0.0011412104358896613,4.993100400336863,0.17148804664611816,16,2.0794415416798357
am,43,0,32,16,256,0.6465917229652405,0.6636983156204224,-0.5025461316108704,0.49780452251434326,0.22701473534107208,0.43253207206726074,-1.9474000930786133,1.4903813600540161,0,0.7686948776245117,0.395877480506897,1.7316880226135254,1.6164148461501484,0.0016334914835169911,16,2.0794415416798357
am_over_m,43,0,32,16,256,0.5633354187011719,0.612413763999939,-0.4618213176727295,0.4616386592388153,0.19991658627986908,0.43253207206726074,-1.9474000930786133,1.4903813600540161,0,0.7686948776245117,0.395877480506897,1.7316880226135254,1.6164148461501484,0.0016334914835169911,16,2.0794415416798357
am_logfit,43,0,32,16,256,0.612015426158905,0.6088646054267883,-0.45385128259658813,0.45167019963264465,0.2231214940547943,0.5551543235778809,-0.9598028063774109,1.6196112632751465,0,0.7686948776245117,0.395877480506897,1.7316880226135254,1.6164148461501484,7.748053067191396e-12,16,2.0794415416798357
beta_off,43,1,8,16,256,0.7477800846099854,0.7083715796470642,-0.706317126750946,0.7057636976242065,0.42186594009399414,0.0,0.0,0.0,0,nan,nan,nan,nan,nan,8,3.4657359027997265
legacy,43,1,8,16,256,0.7477800846099854,0.7083714604377747,-0.706317126750946,0.7057636976242065,0.42186594009399414,-13.815511703491211,-13.815510749816895,-13.815510749816895,8,1.0,7.218481101745056e-08,0.0032428428530693054,8.662113040617887,16.0,8,3.4657359027997265
legacy_fixed_solver,43,1,8,16,256,0.7718213200569153,0.7777448296546936,-0.6814776659011841,0.66014564037323,0.44013404846191406,-6.3055315017700195,-7.4214935302734375,-4.803311824798584,0,1.0,7.218481101745056e-08,0.0032428428530693054,8.662113040617887,3.3682785034179688,8,3.4657359027997265
shift,43,1,8,16,256,0.7426348328590393,0.7072954177856445,-0.7100468277931213,0.7057175040245056,0.4218996465206146,-6.30511999130249,-7.418208122253418,-4.802725791931152,0,1.0,7.218481101745056e-08,0.0032428428530693054,8.662113040617887,3.3682799339294434,8,3.4657359027997265
am,43,1,8,16,256,0.7369697690010071,0.7002952694892883,-0.7381258606910706,0.7346192002296448,0.47675323486328125,-0.6856237649917603,-13.815510749816895,1.8095040321350098,1,2.24306058883667,0.7643011212348938,3.873213529586792,3.2999018317559976,4.666587829589844,8,3.4657359027997265
am_over_m,43,1,8,16,256,0.7324514985084534,0.7085213661193848,-0.7040733695030212,0.7039173245429993,0.4258976876735687,-0.6856237649917603,-13.815510749816895,1.8095040321350098,1,2.24306058883667,0.7643011212348938,3.873213529586792,3.2999018317559976,4.666587829589844,8,3.4657359027997265
am_logfit,43,1,8,16,256,0.7423299551010132,0.706392765045166,-0.7415220737457275,0.7398759126663208,0.43081405758857727,1.33475661277771,0.21484707295894623,2.108147144317627,0,2.24306058883667,0.7643011212348938,3.873213529586792,3.2999018317559976,0.13207516074180603,8,3.4657359027997265
beta_off,43,1,16,16,256,0.6985507011413574,0.7777207493782043,-0.6223165392875671,0.6218112111091614,0.29569363594055176,0.0,0.0,0.0,0,nan,nan,nan,nan,nan,16,2.772588722239781
legacy,43,1,16,16,256,0.7801039814949036,0.8089255690574646,-0.6945908069610596,0.6944993138313293,0.31810277700424194,1.593958854675293,0.5882669687271118,2.820552110671997,0,1.0,7.218481101745056e-08,0.002039947547018528,5.2821569951484815,482582592.0,16,2.772588722239781
legacy_fixed_solver,43,1,16,16,256,1.3246684074401855,1.311269760131836,-0.7374155521392822,0.7310366630554199,0.48560935258865356,-9.548782348632812,-13.815510749816895,-4.201414108276367,7,1.0,7.218481101745056e-08,0.002039947547018528,5.2821569951484815,1.1321810483932495,16,2.772588722239781
shift,43,1,16,16,256,0.6792611479759216,0.7477586269378662,-0.6154360771179199,0.6051467061042786,0.29963624477386475,-9.548566818237305,-13.815510749816895,-4.200422286987305,7,1.0,7.218481101745056e-08,0.002039947547018528,5.2821569951484815,1.1321830749511719,16,2.772588722239781
am,43,1,16,16,256,0.6491182446479797,0.6641541719436646,-0.7117113471031189,0.7098010778427124,0.42339134216308594,-3.5667195320129395,-13.815510749816895,2.139131546020508,5,2.24306058883667,0.7643011212348938,2.5728585720062256,2.191599797640181,1.160016655921936,16,2.772588722239781
am_over_m,43,1,16,16,256,0.6455824971199036,0.693316638469696,-0.6104149222373962,0.5971733927726746,0.3067794442176819,-3.5667195320129395,-13.815510749816895,2.139131546020508,5,2.24306058883667,0.7643011212348938,2.5728585720062256,2.191599797640181,1.160016655921936,16,2.772588722239781
am_logfit,43,1,16,16,256,0.668725311756134,0.7230470776557922,-0.700380802154541,0.7002491354942322,0.39247846603393555,-3.2435474395751953,-13.815510749816895,2.1898205280303955,4,2.24306058883667,0.7643011212348938,2.5728585720062256,2.191599797640181,0.021380873396992683,16,2.772588722239781
beta_off,43,1,32,16,256,0.5312098860740662,0.570044755935669,-0.4478960335254669,0.44739070534706116,0.19264717400074005,0.0,0.0,0.0,0,nan,nan,nan,nan,nan,16,2.0794415416798357
legacy,43,1,32,16,256,1.038994312286377,1.1071065664291382,-0.689776599407196,0.672456681728363,0.4347907602787018,-7.858855247497559,-13.815510749816895,-0.9118000268936157,15,1.0,7.218481101745056e-08,0.001529547618702054,4.18754488553302,39577.0234375,16,2.0794415416798357
legacy_fixed_solver,43,1,32,16,256,1.3221795558929443,1.3072587251663208,-0.6682054996490479,0.6614920496940613,0.5023869276046753,-10.914812088012695,-13.815510749816895,-4.6137824058532715,20,1.0,7.218481101745056e-08,0.001529547618702054,4.18754488553302,0.1912228763103485,16,2.0794415416798357
shift,43,1,32,16,256,0.5440642833709717,0.560468852519989,-0.40167731046676636,0.3856402635574341,0.1965135931968689,-10.914857864379883,-13.815510749816895,-4.613696575164795,20,1.0,7.218481101745056e-08,0.001529547618702054,4.18754488553302,0.19120588898658752,16,2.0794415416798357
am,43,1,32,16,256,0.6894418001174927,0.7075493335723877,-0.4958828091621399,0.49054309725761414,0.2811557650566101,-0.7433828115463257,-13.815510749816895,1.844407558441162,2,2.24306058883667,0.7643011212348938,1.8134164810180664,1.6039841848667635,0.005642198026180267,16,2.0794415416798357
am_over_m,43,1,32,16,256,0.5298392176628113,0.5461217761039734,-0.45226049423217773,0.44274264574050903,0.19705399870872498,-0.7433828115463257,-13.815510749816895,1.844407558441162,2,2.24306058883667,0.7643011212348938,1.8134164810180664,1.6039841848667635,0.005642198026180267,16,2.0794415416798357
am_logfit,43,1,32,16,256,0.6191942095756531,0.6680598258972168,-0.5498735308647156,0.5498735308647156,0.27203628420829773,0.2580711543560028,-2.023033857345581,2.3086347579956055,0,2.24306058883667,0.7643011212348938,1.8134164810180664,1.6039841848667635,8.504869031256135e-11,16,2.0794415416798357
beta_off,43,2,8,16,256,0.5384396910667419,0.5517064929008484,-0.6453065276145935,0.6395398378372192,0.31095200777053833,0.0,0.0,0.0,0,nan,nan,nan,nan,nan,8,3.4657359027997265
legacy,43,2,8,16,256,0.6102216839790344,0.6179718971252441,-0.7088785767555237,0.6874365210533142,0.320315957069397,2.1898577213287354,1.5495129823684692,2.9550490379333496,0,1.0,9.2339121238183e-08,0.002214265987277031,4.028719079569545,873685120.0,8,3.4657359027997265
legacy_fixed_solver,43,2,8,16,256,0.7200682163238525,0.7915802597999573,-0.6844294667243958,0.6787816882133484,0.35892754793167114,-8.026010513305664,-13.815510749816895,-5.535365581512451,2,1.0,9.2339121238183e-08,0.002214265987277031,4.028719079569545,2.3736536502838135,8,3.4657359027997265
shift,43,2,8,16,256,0.5378109216690063,0.553277313709259,-0.6524930000305176,0.6507055759429932,0.31182223558425903,-8.0255765914917,-13.815510749816895,-5.536077976226807,2,1.0,9.2339121238183e-08,0.002214265987277031,4.028719079569545,2.3736555576324463,8,3.4657359027997265
am,43,2,8,16,256,0.5284234285354614,0.5812937617301941,-0.6553244590759277,0.6467404365539551,0.3295217752456665,-0.9179047346115112,-13.815510749816895,1.7611029148101807,1,1.6428791284561157,0.5362052321434021,3.010664224624634,2.0083390953159777,1.6666579246520996,8,3.4657359027997265
am_over_m,43,2,8,16,256,0.5436484813690186,0.5467146039009094,-0.6540385484695435,0.6497830748558044,0.31191858649253845,-0.9179047346115112,-13.815510749816895,1.7611029148101807,1,1.6428791284561157,0.5362052321434021,3.010664224624634,2.0083390953159777,1.6666579246520996,8,3.4657359027997265
am_logfit,43,2,8,16,256,0.5480694770812988,0.5851042866706848,-0.6754822134971619,0.6689534187316895,0.34187039732933044,-1.7904692888259888,-10.878106117248535,1.9750016927719116,0,1.6428791284561157,0.5362052321434021,3.010664224624634,2.0083390953159777,0.045030780136585236,8,3.4657359027997265
beta_off,43,2,16,16,256,0.573925256729126,0.5996531248092651,-0.5206747055053711,0.5154954791069031,0.22725756466388702,0.0,0.0,0.0,0,nan,nan,nan,nan,nan,16,2.772588722239781
legacy,43,2,16,16,256,0.6879673004150391,0.735070526599884,-0.6670569181442261,0.6612491607666016,0.2541394531726837,1.7109456062316895,0.4879634380340576,2.9550492763519287,0,1.0,9.2339121238183e-08,0.0017693808767944574,3.485693701555497,1068417408.0,16,2.772588722239781
legacy_fixed_solver,43,2,16,16,256,1.0052136182785034,1.211607575416565,-0.6553007364273071,0.6544638276100159,0.3957613408565521,-10.21728515625,-13.815510749816895,-4.509843826293945,9,1.0,9.2339121238183e-08,0.0017693808767944574,3.485693701555497,0.6974232196807861,16,2.772588722239781
shift,43,2,16,16,256,0.5250357389450073,0.5646359920501709,-0.5678797960281372,0.5509965419769287,0.23217836022377014,-10.216863632202148,-13.815510749816895,-4.508208751678467,9,1.0,9.2339121238183e-08,0.0017693808767944574,3.485693701555497,0.6974266171455383,16,2.772588722239781
am,43,2,16,16,256,0.4533371031284332,0.5191027522087097,-0.5859627723693848,0.5773161053657532,0.29271623492240906,-1.1315453052520752,-13.815510749816895,2.2666666507720947,2,1.6428791284561157,0.5362052321434021,2.1705148220062256,1.741960658447166,0.17091414332389832,16,2.772588722239781
am_over_m,43,2,16,16,256,0.5487251281738281,0.5976784229278564,-0.5352813601493835,0.5333420038223267,0.22837743163108826,-1.1315453052520752,-13.815510749816895,2.2666666507720947,2,1.6428791284561157,0.5362052321434021,2.1705148220062256,1.741960658447166,0.17091414332389832,16,2.772588722239781
am_logfit,43,2,16,16,256,0.5100915431976318,0.5473465919494629,-0.6002176403999329,0.592356264591217,0.307068407535553,-1.6259636878967285,-13.815510749816895,2.3353464603424072,1,1.6428791284561157,0.5362052321434021,2.1705148220062256,1.741960658447166,0.0046262675896286964,16,2.772588722239781
beta_off,43,2,32,16,256,0.4722239673137665,0.49822163581848145,-0.3504163920879364,0.3504163920879364,0.14019173383712769,0.0,0.0,0.0,0,nan,nan,nan,nan,nan,16,2.0794415416798357
legacy,43,2,32,16,256,1.0824460983276367,1.1216598749160767,-0.5857530236244202,0.5575692653656006,0.40009135007858276,-8.540511131286621,-13.815510749816895,-2.6271705627441406,14,1.0,9.2339121238183e-08,0.0011985584860667586,3.0536863180764,1116.4527587890625,16,2.0794415416798357
legacy_fixed_solver,43,2,32,16,256,1.154475212097168,1.2099229097366333,-0.5645684003829956,0.5531502366065979,0.4219176173210144,-9.754329681396484,-13.815510749816895,-4.623169422149658,15,1.0,9.2339121238183e-08,0.0011985584860667586,3.0536863180764,0.04825141280889511,16,2.0794415416798357
shift,43,2,32,16,256,0.43160709738731384,0.4456022083759308,-0.3829435408115387,0.3829435408115387,0.14456488192081451,-9.75689697265625,-13.815510749816895,-4.620510101318359,15,1.0,9.2339121238183e-08,0.0011985584860667586,3.0536863180764,0.04763028398156166,16,2.0794415416798357
am,43,2,32,16,256,0.4664047062397003,0.5146357417106628,-0.42541494965553284,0.42541494965553284,0.20412613451480865,-0.994081974029541,-13.815510749816895,1.5071483850479126,3,1.6428791284561157,0.5362052321434021,1.6181188821792603,1.4189424949022982,0.001232562935911119,16,2.0794415416798357
am_over_m,43,2,32,16,256,0.4125228822231293,0.46146655082702637,-0.38650670647621155,0.38650670647621155,0.14252638816833496,-0.994081974029541,-13.815510749816895,1.5071483850479126,3,1.6428791284561157,0.5362052321434021,1.6181188821792603,1.4189424949022982,0.001232562935911119,16,2.0794415416798357
am_logfit,43,2,32,16,256,0.4636416435241699,0.49591830372810364,-0.33721739053726196,0.3498665392398834,0.17731091380119324,0.45822447538375854,-1.0382370948791504,1.7229783535003662,0,1.6428791284561157,0.5362052321434021,1.6181188821792603,1.4189424949022982,1.627513401825098e-11,16,2.0794415416798357
beta_off,44,0,8,16,256,0.6217348575592041,0.6537289023399353,-0.7318426966667175,0.7304127216339111,0.3804382085800171,0.0,0.0,0.0,0,nan,nan,nan,nan,nan,8,3.4657359027997265
legacy,44,0,8,16,256,0.6154972910881042,0.6969519257545471,-0.7566872835159302,0.7555835247039795,0.3880147933959961,2.556058168411255,1.9302139282226562,3.2688117027282715,0,1.0,9.733398087519163e-08,0.002083781873807311,10.307136024488234,3677139968.0,8,3.4657359027997265
legacy_fixed_solver,44,0,8,16,256,0.6676332354545593,0.7111828327178955,-0.7911217212677002,0.7858843803405762,0.43741917610168457,-10.031412124633789,-13.815510749816895,-5.962919235229492,4,1.0,9.733398087519163e-08,0.002083781873807311,10.307136024488234,3.449054479598999,8,3.4657359027997265
shift,44,0,8,16,256,0.6191889643669128,0.6560247540473938,-0.7544822096824646,0.7500762939453125,0.3819288909435272,-10.03120231628418,-13.815510749816895,-5.962604999542236,4,1.0,9.733398087519163e-08,0.002083781873807311,10.307136024488234,3.449056625366211,8,3.4657359027997265
am,44,0,8,16,256,0.5873572826385498,0.6274557709693909,-0.7402084469795227,0.7365606427192688,0.4072655141353607,-2.603614091873169,-13.815510749816895,1.6655845642089844,2,1.477288007736206,0.6522425413131714,3.248594045639038,3.546609525152003,1.7086718082427979,8,3.4657359027997265
am_over_m,44,0,8,16,256,0.6250085830688477,0.6493715643882751,-0.7500320076942444,0.7408756613731384,0.38296234607696533,-2.603614091873169,-13.815510749816895,1.6655845642089844,2,1.477288007736206,0.6522425413131714,3.248594045639038,3.546609525152003,1.7086718082427979,8,3.4657359027997265
am_logfit,44,0,8,16,256,0.5965927243232727,0.6345133185386658,-0.7488252520561218,0.7483187913894653,0.40000438690185547,-0.5647724270820618,-13.202423095703125,1.9616092443466187,0,1.477288007736206,0.6522425413131714,3.248594045639038,3.546609525152003,0.13939742743968964,8,3.4657359027997265
beta_off,44,0,16,16,256,0.588748574256897,0.6919623017311096,-0.5702166557312012,0.5684822201728821,0.26728299260139465,0.0,0.0,0.0,0,nan,nan,nan,nan,nan,16,2.772588722239781
legacy,44,0,16,16,256,0.6989496946334839,0.7769224643707275,-0.6926906108856201,0.6897881031036377,0.2848648428916931,2.1462156772613525,0.9620884656906128,3.2688114643096924,0,1.0,9.733398087519163e-08,0.001389683922752738,8.488524706511479,4865576448.0,16,2.772588722239781
legacy_fixed_solver,44,0,16,16,256,1.0248489379882812,1.043904185295105,-0.733123242855072,0.7303076982498169,0.42205673456192017,-10.578862190246582,-13.815510749816895,-5.370605945587158,9,1.0,9.733398087519163e-08,0.001389683922752738,8.488524706511479,2.0445163249969482,16,2.772588722239781
shift,44,0,16,16,256,0.565700888633728,0.6635392308235168,-0.6115893125534058,0.6115759015083313,0.27095305919647217,-10.578019142150879,-13.815510749816895,-5.366609573364258,9,1.0,9.733398087519163e-08,0.001389683922752738,8.488524706511479,2.044523239135742,16,2.772588722239781
am,44,0,16,16,256,0.6824026107788086,0.8010552525520325,-0.6475337147712708,0.6354866623878479,0.3587736487388611,-5.400397300720215,-13.815510749816895,1.8864341974258423,7,1.477288007736206,0.6522425413131714,2.3640620708465576,2.951235322825339,0.36453136801719666,16,2.772588722239781
am_over_m,44,0,16,16,256,0.5750682950019836,0.6558517217636108,-0.6181527972221375,0.615925669670105,0.27709123492240906,-5.400397300720215,-13.815510749816895,1.8864341974258423,7,1.477288007736206,0.6522425413131714,2.3640620708465576,2.951235322825339,0.36453136801719666,16,2.772588722239781
am_logfit,44,0,16,16,256,0.6147886514663696,0.6812736392021179,-0.6910977363586426,0.6759421825408936,0.40332651138305664,-4.336097240447998,-13.815510749816895,2.709296464920044,2,1.477288007736206,0.6522425413131714,2.3640620708465576,2.951235322825339,0.06042182072997093,16,2.772588722239781
beta_off,44,0,32,16,256,0.48922520875930786,0.496936172246933,-0.3765568733215332,0.376097172498703,0.1525348275899887,0.0,0.0,0.0,0,nan,nan,nan,nan,nan,16,2.0794415416798357
legacy,44,0,32,16,256,0.9606624841690063,0.978203535079956,-0.7202756404876709,0.719163715839386,0.3913424611091614,-9.204808235168457,-13.815510749816895,-2.32360577583313,17,1.0,9.733398087519163e-08,0.0008968653273768723,5.974023214196044,8681.880859375,16,2.0794415416798357
legacy_fixed_solver,44,0,32,16,256,1.3621904850006104,1.3167519569396973,-0.6925104260444641,0.6905591487884521,0.45666271448135376,-10.893393516540527,-13.815510749816895,-4.667482376098633,20,1.0,9.733398087519163e-08,0.0008968653273768723,5.974023214196044,0.2319566011428833,16,2.0794415416798357
shift,44,0,32,16,256,0.44416606426239014,0.46514391899108887,-0.3943993151187897,0.38362419605255127,0.15829119086265564,-10.893098831176758,-13.815510749816895,-4.665872573852539,20,1.0,9.733398087519163e-08,0.0008968653273768723,5.974023214196044,0.2319451868534088,16,2.0794415416798357
am,44,0,32,16,256,0.4805624485015869,0.5061806440353394,-0.30426472425460815,0.30426472425460815,0.19075851142406464,0.0070429593324661255,-13.815510749816895,1.9461275339126587,1,1.477288007736206,0.6522425413131714,1.6163818836212158,1.7869622012786013,0.004750360734760761,16,2.0794415416798357
am_over_m,44,0,32,16,256,0.43524855375289917,0.46636727452278137,-0.38160255551338196,0.3716118633747101,0.15445256233215332,0.0070429593324661255,-13.815510749816895,1.9461275339126587,1,1.477288007736206,0.6522425413131714,1.6163818836212158,1.7869622012786013,0.004750360734760761,16,2.0794415416798357
am_logfit,44,0,32,16,256,0.44953295588493347,0.4697616994380951,-0.3997233211994171,0.3057612478733063,0.19048039615154266,0.46623367071151733,-0.29387977719306946,2.246640205383301,0,1.477288007736206,0.6522425413131714,1.6163818836212158,1.7869622012786013,4.188776409064232e-11,16,2.0794415416798357
beta_off,44,1,8,16,256,0.6146424412727356,0.6074126362800598,-0.683756411075592,0.6690014600753784,0.3311186134815216,0.0,0.0,0.0,0,nan,nan,nan,nan,nan,8,3.4657359027997265
legacy,44,1,8,16,256,0.6120564937591553,0.6159189939498901,-0.6856076121330261,0.6845327019691467,0.3340204954147339,2.0152270793914795,1.0618700981140137,2.4231555461883545,0,1.0,7.380714350802009e-08,0.0024299859069287777,4.062215981888102,249695872.0,8,3.4657359027997265
legacy_fixed_solver,44,1,8,16,256,1.045449137687683,1.0483700037002563,-0.8170069456100464,0.8087629675865173,0.41705089807510376,-7.569318771362305,-13.815510749816895,-4.961874485015869,1,1.0,7.380714350802009e-08,0.0024299859069287777,4.062215981888102,1.6834747791290283,8,3.4657359027997265
shift,44,1,8,16,256,0.6120061874389648,0.6094920039176941,-0.6803236603736877,0.6747637987136841,0.33275988698005676,-7.567997455596924,-13.815510749816895,-4.961976051330566,1,1.0,7.380714350802009e-08,0.0024299859069287777,4.062215981888102,1.6834754943847656,8,3.4657359027997265
am,44,1,8,16,256,0.5792511105537415,0.57735675573349,-0.7449612021446228,0.7433862090110779,0.3714044988155365,-0.6755375862121582,-13.815510749816895,1.7024083137512207,1,5.10059928894043,1.431416392326355,3.5332672595977783,2.507046955715505,15.257347106933594,8,3.4657359027997265
am_over_m,44,1,8,16,256,0.6040252447128296,0.612000048160553,-0.6923224329948425,0.6863431334495544,0.3347722887992859,-0.6755375862121582,-13.815510749816895,1.7024083137512207,1,5.10059928894043,1.431416392326355,3.5332672595977783,2.507046955715505,15.257347106933594,8,3.4657359027997265
am_logfit,44,1,8,16,256,0.5743427872657776,0.5803847312927246,-0.7332863807678223,0.7322317361831665,0.3806799054145813,-2.0020692348480225,-13.815510749816895,1.8366880416870117,1,5.10059928894043,1.431416392326355,3.5332672595977783,2.507046955715505,0.06758132576942444,8,3.4657359027997265
beta_off,44,1,16,16,256,0.6360700726509094,0.6540947556495667,-0.5385205745697021,0.538079023361206,0.2374274879693985,0.0,0.0,0.0,0,nan,nan,nan,nan,nan,16,2.772588722239781
legacy,44,1,16,16,256,0.5958000421524048,0.6323707699775696,-0.6263108253479004,0.6236522197723389,0.251336932182312,1.6871368885040283,0.8791041374206543,2.4231553077697754,0,1.0,7.380714350802009e-08,0.001774437609128654,3.9418229415659356,377151776.0,16,2.772588722239781
legacy_fixed_solver,44,1,16,16,256,1.203845739364624,1.3983240127563477,-0.7635695338249207,0.763427734375,0.3739957809448242,-9.907296180725098,-13.815510749816895,-4.904321670532227,8,1.0,7.380714350802009e-08,0.001774437609128654,3.9418229415659356,1.0142078399658203,16,2.772588722239781
shift,44,1,16,16,256,0.6331714987754822,0.623935878276825,-0.5846487283706665,0.5797529816627502,0.2414170503616333,-9.907357215881348,-13.815510749816895,-4.90251350402832,8,1.0,7.380714350802009e-08,0.001774437609128654,3.9418229415659356,1.0142087936401367,16,2.772588722239781
am,44,1,16,16,256,0.6300442218780518,0.6556004285812378,-0.687063455581665,0.6857035756111145,0.37331104278564453,-4.461263656616211,-13.815510749816895,2.218684196472168,6,5.10059928894043,1.431416392326355,2.3390567302703857,1.8290114133177122,2.9681200981140137,16,2.772588722239781
am_over_m,44,1,16,16,256,0.5808187127113342,0.6134061217308044,-0.601997435092926,0.6001449823379517,0.24660810828208923,-4.461263656616211,-13.815510749816895,2.218684196472168,6,5.10059928894043,1.431416392326355,2.3390567302703857,1.8290114133177122,2.9681200981140137,16,2.772588722239781
am_logfit,44,1,16,16,256,0.6531105637550354,0.6712886691093445,-0.7143310308456421,0.7124234437942505,0.3770105242729187,-4.21858024597168,-13.815510749816895,2.1360809803009033,4,5.10059928894043,1.431416392326355,2.3390567302703857,1.8290114133177122,0.007884087041020393,16,2.772588722239781
beta_off,44,1,32,16,256,0.4981740117073059,0.5181622505187988,-0.4052945673465729,0.4010728597640991,0.1644175946712494,0.0,0.0,0.0,0,nan,nan,nan,nan,nan,16,2.0794415416798357
legacy,44,1,32,16,256,1.1066137552261353,1.1387478113174438,-0.5805782675743103,0.5800687074661255,0.39175039529800415,-8.431962966918945,-13.815510749816895,-2.459038734436035,13,1.0,7.380714350802009e-08,0.0012562747579067945,2.930341199252014,611.579345703125,16,2.0794415416798357
legacy_fixed_solver,44,1,32,16,256,0.9577106237411499,0.993765652179718,-0.7351089119911194,0.7271807193756104,0.3778935968875885,-10.804478645324707,-13.815510749816895,-4.509862899780273,20,1.0,7.380714350802009e-08,0.0012562747579067945,2.930341199252014,0.1601971685886383,16,2.0794415416798357
shift,44,1,32,16,256,0.4769904315471649,0.48022425174713135,-0.5078743100166321,0.5016502737998962,0.16985170543193817,-10.804522514343262,-13.815510749816895,-4.507925987243652,20,1.0,7.380714350802009e-08,0.0012562747579067945,2.930341199252014,0.16012230515480042,16,2.0794415416798357
am,44,1,32,16,256,0.5890768766403198,0.6144779920578003,-0.6906901597976685,0.6559218168258667,0.23389095067977905,-0.2608082592487335,-7.7713236808776855,1.5941650867462158,0,5.10059928894043,1.431416392326355,1.6344609260559082,1.5090906029238444,8.732607739148079e-07,16,2.0794415416798357
am_over_m,44,1,32,16,256,0.4660643935203552,0.4799001216888428,-0.4080413579940796,0.4052775204181671,0.16493049263954163,-0.2608082592487335,-7.7713236808776855,1.5941650867462158,0,5.10059928894043,1.431416392326355,1.6344609260559082,1.5090906029238444,8.732607739148079e-07,16,2.0794415416798357
am_logfit,44,1,32,16,256,0.5619994401931763,0.577445924282074,-0.686099648475647,0.6444934010505676,0.22277575731277466,0.23907925188541412,-1.1103724241256714,1.5404212474822998,0,5.10059928894043,1.431416392326355,1.6344609260559082,1.5090906029238444,2.4584778657299466e-12,16,2.0794415416798357
beta_off,44,2,8,16,256,0.48316919803619385,0.5559701323509216,-0.5801876187324524,0.5708925127983093,0.2621137499809265,0.0,0.0,0.0,0,nan,nan,nan,nan,nan,8,3.4657359027997265
legacy,44,2,8,16,256,0.4569751024246216,0.575194776058197,-0.6799702644348145,0.673936128616333,0.2770017981529236,2.410022735595703,1.9538682699203491,3.146590232849121,0,1.0,1.0662402871730592e-07,0.0017117050010710955,5.71699370080483,2137384064.0,8,3.4657359027997265
legacy_fixed_solver,44,2,8,16,256,1.0995980501174927,1.1065784692764282,-0.526924729347229,0.47252291440963745,0.34509432315826416,-8.13486099243164,-13.815510749816895,-5.393108367919922,2,1.0,1.0662402871730592e-07,0.0017117050010710955,5.71699370080483,1.5115644931793213,8,3.4657359027997265
shift,44,2,8,16,256,0.474924236536026,0.538733184337616,-0.5775606036186218,0.577374279499054,0.2631731927394867,-8.134865760803223,-13.815510749816895,-5.392002582550049,2,1.0,1.0662402871730592e-07,0.0017117050010710955,5.71699370080483,1.5115671157836914,8,3.4657359027997265
am,44,2,8,16,256,0.44084975123405457,0.4823072850704193,-0.5785636901855469,0.5731887221336365,0.3153539299964905,-2.5476250648498535,-13.815510749816895,1.7521922588348389,2,1.8054380416870117,0.5227218270301819,2.5729708671569824,2.773369402697754,1.3617568016052246,8,3.4657359027997265
am_over_m,44,2,8,16,256,0.45733320713043213,0.5255769491195679,-0.6091089844703674,0.6081053018569946,0.2654278874397278,-2.5476250648498535,-13.815510749816895,1.7521922588348389,2,1.8054380416870117,0.5227218270301819,2.5729708671569824,2.773369402697754,1.3617568016052246,8,3.4657359027997265
am_logfit,44,2,8,16,256,0.44061607122421265,0.4829424321651459,-0.5657476782798767,0.5498440861701965,0.330943763256073,-1.3765792846679688,-13.815510749816895,1.9220073223114014,1,1.8054380416870117,0.5227218270301819,2.5729708671569824,2.773369402697754,0.0411844402551651,8,3.4657359027997265
beta_off,44,2,16,16,256,0.4149320125579834,0.4926511347293854,-0.4929177463054657,0.4905182719230652,0.2128812074661255,0.0,0.0,0.0,0,nan,nan,nan,nan,nan,16,2.772588722239781
legacy,44,2,16,16,256,0.8267577886581421,0.8502905964851379,-0.6676797270774841,0.6646724343299866,0.24305325746536255,1.8471238613128662,0.990545392036438,3.1465904712677,0,1.0,1.0662402871730592e-07,0.0013100284850224853,3.9141514118456535,2367260160.0,16,2.772588722239781
legacy_fixed_solver,44,2,16,16,256,1.1790915727615356,1.185436725616455,-0.488434761762619,0.4795125424861908,0.3913286626338959,-8.223480224609375,-13.815510749816895,-5.258322715759277,4,1.0,1.0662402871730592e-07,0.0013100284850224853,3.9141514118456535,0.611377477645874,16,2.772588722239781
shift,44,2,16,16,256,0.4659285545349121,0.5158059597015381,-0.4523408114910126,0.44656428694725037,0.2172730267047882,-8.2239351272583,-13.815510749816895,-5.257328510284424,4,1.0,1.0662402871730592e-07,0.0013100284850224853,3.9141514118456535,0.6113601922988892,16,2.772588722239781
am,44,2,16,16,256,0.6693817973136902,0.7110528945922852,-0.4871067404747009,0.4705182611942291,0.34899359941482544,-0.901847243309021,-13.815510749816895,1.7890015840530396,2,1.8054380416870117,0.5227218270301819,2.0851516723632812,1.9843268856979637,0.2725908160209656,16,2.772588722239781
am_over_m,44,2,16,16,256,0.47109025716781616,0.5420372486114502,-0.4943946897983551,0.4932881295681,0.22920897603034973,-0.901847243309021,-13.815510749816895,1.7890015840530396,2,1.8054380416870117,0.5227218270301819,2.0851516723632812,1.9843268856979637,0.2725908160209656,16,2.772588722239781
am_logfit,44,2,16,16,256,0.6465760469436646,0.6922743916511536,-0.45845863223075867,0.4518997073173523,0.3632846176624298,-1.3123772144317627,-13.815510749816895,2.0740890502929688,1,1.8054380416870117,0.5227218270301819,2.0851516723632812,1.9843268856979637,0.013112843967974186,16,2.772588722239781
beta_off,44,2,32,16,256,0.40109777450561523,0.42927876114845276,-0.35205918550491333,0.346922904253006,0.138566792011261,0.0,0.0,0.0,0,nan,nan,nan,nan,nan,16,2.0794415416798357
legacy,44,2,32,16,256,0.8666337728500366,0.8918557167053223,-0.4678439795970917,0.4903956651687622,0.41480517387390137,-9.086668968200684,-13.815510749816895,-2.4089906215667725,17,1.0,1.0662402871730592e-07,0.0009208767442032695,3.20664077080153,2843.135498046875,16,2.0794415416798357
legacy_fixed_solver,44,2,32,16,256,1.0750917196273804,1.0754457712173462,-0.3669585883617401,0.456481397151947,0.43208715319633484,-10.03630256652832,-13.815510749816895,-5.041290283203125,16,1.0,1.0662402871730592e-07,0.0009208767442032695,3.20664077080153,0.2583276033401489,16,2.0794415416798357
shift,44,2,32,16,256,0.3251204788684845,0.37910088896751404,-0.24603021144866943,0.24462968111038208,0.14482104778289795,-10.029054641723633,-13.815510749816895,-5.041741847991943,16,1.0,1.0662402871730592e-07,0.0009208767442032695,3.20664077080153,0.25827765464782715,16,2.0794415416798357
am,44,2,32,16,256,0.372143417596817,0.43110260367393494,-0.2242269665002823,0.25376150012016296,0.17460843920707703,0.249711811542511,-2.74761700630188,1.6165907382965088,0,1.8054380416870117,0.5227218270301819,1.5224025249481201,1.4832336348077084,0.006836001295596361,16,2.0794415416798357
am_over_m,44,2,32,16,256,0.3240530788898468,0.3704816401004791,-0.3586966097354889,0.34960564970970154,0.13878902792930603,0.249711811542511,-2.74761700630188,1.6165907382965088,0,1.8054380416870117,0.5227218270301819,1.5224025249481201,1.4832336348077084,0.006836001295596361,16,2.0794415416798357
am_logfit,44,2,32,16,256,0.3904641568660736,0.45043349266052246,-0.186955526471138,0.23772627115249634,0.1853228509426117,0.34908604621887207,-0.8378134369850159,1.8715224266052246,0,1.8054380416870117,0.5227218270301819,1.5224025249481201,1.4832336348077084,1.0337841693797145e-11,16,2.0794415416798357
beta_off,45,0,8,16,256,0.4549209773540497,0.4936794340610504,-0.6345371007919312,0.627871572971344,0.3082696199417114,0.0,0.0,0.0,0,nan,nan,nan,nan,nan,8,3.4657359027997265
legacy,45,0,8,16,256,0.45964351296424866,0.495400071144104,-0.699637770652771,0.6994924545288086,0.31462839245796204,1.9565730094909668,1.1883049011230469,2.582335948944092,0,1.0,7.218481101745056e-08,0.0026868381537497044,5.651144153725913,305893344.0,8,3.4657359027997265
legacy_fixed_solver,45,0,8,16,256,0.7545340657234192,0.799699604511261,-0.7240228652954102,0.7217826843261719,0.42214614152908325,-7.815065383911133,-13.815510749816895,-4.792059421539307,2,1.0,7.218481101745056e-08,0.0026868381537497044,5.651144153725913,1.3859881162643433,8,3.4657359027997265
shift,45,0,8,16,256,0.4466407001018524,0.48794206976890564,-0.6291941404342651,0.6237238049507141,0.31115037202835083,-7.814794540405273,-13.815510749816895,-4.7919769287109375,2,1.0,7.218481101745056e-08,0.0026868381537497044,5.651144153725913,1.3859888315200806,8,3.4657359027997265
am,45,0,8,16,256,0.4278307855129242,0.4551736116409302,-0.7242057919502258,0.7036347389221191,0.36645984649658203,-0.8004776835441589,-13.815510749816895,2.301358461380005,1,3.0158956050872803,0.6949713826179504,3.359999418258667,2.5363319835812357,3.36271595954895,8,3.4657359027997265
am_over_m,45,0,8,16,256,0.440844863653183,0.4874887466430664,-0.6386290192604065,0.6379073262214661,0.3091318607330322,-0.8004776835441589,-13.815510749816895,2.301358461380005,1,3.0158956050872803,0.6949713826179504,3.359999418258667,2.5363319835812357,3.36271595954895,8,3.4657359027997265
am_logfit,45,0,8,16,256,0.44067105650901794,0.46696603298187256,-0.7445645332336426,0.7412378787994385,0.37150853872299194,-0.808971107006073,-13.36892318725586,2.569204568862915,0,3.0158956050872803,0.6949713826179504,3.359999418258667,2.5363319835812357,0.05114943906664848,8,3.4657359027997265
beta_off,45,0,16,16,256,0.4970010221004486,0.5850342512130737,-0.5137398838996887,0.5069798827171326,0.2233666181564331,0.0,0.0,0.0,0,nan,nan,nan,nan,nan,16,2.772588722239781
legacy,45,0,16,16,256,0.5630831718444824,0.5751064419746399,-0.6583083271980286,0.6544084548950195,0.24230815470218658,1.6063005924224854,1.0346651077270508,2.5823357105255127,0,1.0,7.218481101745056e-08,0.0014033345505595207,4.354150438770455,407263552.0,16,2.772588722239781
legacy_fixed_solver,45,0,16,16,256,0.9086853265762329,0.9905188679695129,-0.7021532654762268,0.6704311370849609,0.3823774755001068,-9.263826370239258,-13.815510749816895,-4.9314069747924805,6,1.0,7.218481101745056e-08,0.0014033345505595207,4.354150438770455,1.2265559434890747,16,2.772588722239781
shift,45,0,16,16,256,0.4611791968345642,0.5443515181541443,-0.5307130813598633,0.5242226123809814,0.22601176798343658,-9.25327205657959,-13.815510749816895,-4.935200214385986,6,1.0,7.218481101745056e-08,0.0014033345505595207,4.354150438770455,1.2266480922698975,16,2.772588722239781
am,45,0,16,16,256,0.4386240243911743,0.46603715419769287,-0.6846262216567993,0.6695937514305115,0.3238264322280884,-3.9366140365600586,-13.815510749816895,2.194063901901245,5,3.0158956050872803,0.6949713826179504,2.020833969116211,2.132153223130221,1.7287570238113403,16,2.772588722239781
am_over_m,45,0,16,16,256,0.4356858432292938,0.518670380115509,-0.5518767237663269,0.5514228343963623,0.22965678572654724,-3.9366140365600586,-13.815510749816895,2.194063901901245,5,3.0158956050872803,0.6949713826179504,2.020833969116211,2.132153223130221,1.7287570238113403,16,2.772588722239781
am_logfit,45,0,16,16,256,0.48842790722846985,0.4908166229724884,-0.6585025787353516,0.6545785665512085,0.3509021997451782,-4.516490459442139,-13.815510749816895,2.418485164642334,5,3.0158956050872803,0.6949713826179504,2.020833969116211,2.132153223130221,0.03869928792119026,16,2.772588722239781
beta_off,45,0,32,16,256,0.3961780071258545,0.4136793315410614,-0.39460667967796326,0.3924283981323242,0.16019268333911896,0.0,0.0,0.0,0,nan,nan,nan,nan,nan,16,2.0794415416798357
legacy,45,0,32,16,256,0.758987307548523,0.7666638493537903,-0.5457746386528015,0.5718880295753479,0.4033942222595215,-7.895711898803711,-13.815510749816895,-1.7259565591812134,14,1.0,7.218481101745056e-08,0.0011160962749272585,3.3877943017523684,6927.41796875,16,2.0794415416798357
legacy_fixed_solver,45,0,32,16,256,0.9475573897361755,0.9836729168891907,-0.5705950260162354,0.5705950260162354,0.42399728298187256,-9.213964462280273,-13.815510749816895,-4.0243024826049805,12,1.0,7.218481101745056e-08,0.0011160962749272585,3.3877943017523684,0.08297888934612274,16,2.0794415416798357
shift,45,0,32,16,256,0.3466736972332001,0.35878169536590576,-0.36828702688217163,0.35738426446914673,0.16376125812530518,-9.192167282104492,-13.815510749816895,-4.023664474487305,12,1.0,7.218481101745056e-08,0.0011160962749272585,3.3877943017523684,0.08304019272327423,16,2.0794415416798357
am,45,0,32,16,256,0.42925089597702026,0.43329426646232605,-0.4336305856704712,0.4336305856704712,0.2159757912158966,-1.8139256238937378,-13.815510749816895,2.0284321308135986,5,3.0158956050872803,0.6949713826179504,1.6072041988372803,1.6443599265334405,0.002952326787635684,16,2.0794415416798357
am_over_m,45,0,32,16,256,0.3390940725803375,0.3592645823955536,-0.4128602147102356,0.40374425053596497,0.16657930612564087,-1.8139256238937378,-13.815510749816895,2.0284321308135986,5,3.0158956050872803,0.6949713826179504,1.6072041988372803,1.6443599265334405,0.002952326787635684,16,2.0794415416798357
am_logfit,45,0,32,16,256,0.3859899640083313,0.3893216550350189,-0.3367081880569458,0.3367081880569458,0.1960712969303131,0.41124293208122253,-1.3932908773422241,2.124187469482422,0,3.0158956050872803,0.6949713826179504,1.6072041988372803,1.6443599265334405,8.177680754783978e-12,16,2.0794415416798357
beta_off,45,1,8,16,256,0.7452016472816467,0.8119098544120789,-0.7521010637283325,0.7483133673667908,0.40540164709091187,0.0,0.0,0.0,0,nan,nan,nan,nan,nan,8,3.4657359027997265
legacy,45,1,8,16,256,0.9140669107437134,0.9929327368736267,-0.772932231426239,0.770265519618988,0.41018247604370117,2.1509408950805664,1.6830170154571533,3.007265329360962,0,1.0,7.380714350802009e-08,0.0024423564318567514,5.229819753942511,608346240.0,8,3.4657359027997265
legacy_fixed_solver,45,1,8,16,256,1.1027003526687622,1.1665040254592896,-0.8148428797721863,0.7960962653160095,0.49939975142478943,-8.012411117553711,-13.815510749816895,-5.089160442352295,2,1.0,7.380714350802009e-08,0.0024423564318567514,5.229819753942511,1.3597793579101562,8,3.4657359027997265
shift,45,1,8,16,256,0.780501127243042,0.8286611437797546,-0.7305028438568115,0.7240714430809021,0.40784192085266113,-8.01218032836914,-13.815510749816895,-5.0889129638671875,2,1.0,7.380714350802009e-08,0.0024423564318567514,5.229819753942511,1.3597800731658936,8,3.4657359027997265
am,45,1,8,16,256,0.7127658128738403,0.7769649624824524,-0.7754054665565491,0.772456705570221,0.4324031472206116,1.0434763431549072,-0.5453296899795532,2.153822898864746,0,2.7103726863861084,0.7618009448051453,3.667198896408081,2.2788074703257832,2.226360321044922,8,3.4657359027997265
am_over_m,45,1,8,16,256,0.7526604533195496,0.8181756138801575,-0.7495303750038147,0.7492061853408813,0.4055771827697754,1.0434763431549072,-0.5453296899795532,2.153822898864746,0,2.7103726863861084,0.7618009448051453,3.667198896408081,2.2788074703257832,2.226360321044922,8,3.4657359027997265
am_logfit,45,1,8,16,256,0.7410120368003845,0.8155518174171448,-0.7120519876480103,0.6994794011116028,0.4190429747104645,1.2599643468856812,0.49098360538482666,1.9878026247024536,0,2.7103726863861084,0.7618009448051453,3.667198896408081,2.2788074703257832,0.0373140424489975,8,3.4657359027997265
beta_off,45,1,16,16,256,0.696707546710968,0.7736878991127014,-0.6219847798347473,0.6176742315292358,0.28848201036453247,0.0,0.0,0.0,0,nan,nan,nan,nan,nan,16,2.772588722239781
legacy,45,1,16,16,256,0.9274066686630249,0.9472596049308777,-0.7006948590278625,0.6879605054855347,0.3010343909263611,1.8424038887023926,1.135824203491211,3.007265567779541,0,1.0,7.380714350802009e-08,0.0013697246322408319,4.158603195710863,846432768.0,16,2.772588722239781
legacy_fixed_solver,45,1,16,16,256,1.2068482637405396,1.2290257215499878,-0.7523077726364136,0.7467715740203857,0.4125934839248657,-9.080146789550781,-13.815510749816895,-5.3538079261779785,6,1.0,7.380714350802009e-08,0.0013697246322408319,4.158603195710863,1.126202940940857,16,2.772588722239781
shift,45,1,16,16,256,0.7416095733642578,0.7825942635536194,-0.6282017827033997,0.6185735464096069,0.29163551330566406,-9.079035758972168,-13.815510749816895,-5.354866027832031,6,1.0,7.380714350802009e-08,0.0013697246322408319,4.158603195710863,1.1262023448944092,16,2.772588722239781
am,45,1,16,16,256,0.7234556674957275,0.7569411396980286,-0.7208974361419678,0.7174462676048279,0.34651559591293335,-0.4269712567329407,-13.815510749816895,2.1371333599090576,1,2.7103726863861084,0.7618009448051453,2.250908374786377,1.8288452717999695,1.3638042211532593,16,2.772588722239781
am_over_m,45,1,16,16,256,0.6982016563415527,0.7877716422080994,-0.6393409371376038,0.6331790089607239,0.2910139858722687,-0.4269712567329407,-13.815510749816895,2.1371333599090576,1,2.7103726863861084,0.7618009448051453,2.250908374786377,1.8288452717999695,1.3638042211532593,16,2.772588722239781
am_logfit,45,1,16,16,256,0.7941784858703613,0.8606542944908142,-0.6550047993659973,0.6525135636329651,0.32621362805366516,-0.7879297733306885,-12.5468111038208,1.79287588596344,0,2.7103726863861084,0.7618009448051453,2.250908374786377,1.8288452717999695,0.02073337882757187,16,2.772588722239781
beta_off,45,1,32,16,256,0.5924623012542725,0.6129962801933289,-0.4446428120136261,0.43064430356025696,0.1808900237083435,0.0,0.0,0.0,0,nan,nan,nan,nan,nan,16,2.0794415416798357
legacy,45,1,32,16,256,0.9432958960533142,1.0211126804351807,-0.6848117709159851,0.6809295415878296,0.40987783670425415,-8.677879333496094,-13.815510749816895,-1.829154372215271,16,1.0,7.380714350802009e-08,0.0009451686637476087,3.5106918304714236,5620.15185546875,16,2.0794415416798357
legacy_fixed_solver,45,1,32,16,256,1.281769037246704,1.369991660118103,-0.7611650228500366,0.7519335150718689,0.4437118172645569,-10.81078052520752,-13.815510749816895,-4.623429298400879,19,1.0,7.380714350802009e-08,0.0009451686637476087,3.5106918304714236,0.6672757267951965,16,2.0794415416798357
shift,45,1,32,16,256,0.5475666522979736,0.5686611533164978,-0.44233977794647217,0.4177147150039673,0.18575742840766907,-10.809674263000488,-13.815510749816895,-4.621159553527832,19,1.0,7.380714350802009e-08,0.0009451686637476087,3.5106918304714236,0.6670518517494202,16,2.0794415416798357
am,45,1,32,16,256,0.7226023077964783,0.8034210801124573,-0.6148864030838013,0.6042287945747375,0.3119298815727234,-2.4592816829681396,-13.815510749816895,2.0575695037841797,6,2.7103726863861084,0.7618009448051453,1.6491321325302124,1.5545741152135424,0.021614888682961464,16,2.0794415416798357
am_over_m,45,1,32,16,256,0.5628595352172852,0.5710501670837402,-0.4580785036087036,0.4460557699203491,0.1905147284269333,-2.4592816829681396,-13.815510749816895,2.0575695037841797,6,2.7103726863861084,0.7618009448051453,1.6491321325302124,1.5545741152135424,0.021614888682961464,16,2.0794415416798357
am_logfit,45,1,32,16,256,0.753850519657135,0.7799502015113831,-0.639491856098175,0.5987032651901245,0.3704257905483246,-1.9988431930541992,-10.035659790039062,2.78792667388916,0,2.7103726863861084,0.7618009448051453,1.6491321325302124,1.5545741152135424,3.358822997512334e-09,16,2.0794415416798357
beta_off,45,2,8,16,256,0.502453088760376,0.5764214396476746,-0.685994565486908,0.6768320798873901,0.3407362103462219,0.0,0.0,0.0,0,nan,nan,nan,nan,nan,8,3.4657359027997265
legacy,45,2,8,16,256,0.5838314294815063,0.6289073824882507,-0.7576652765274048,0.7517542839050293,0.3495418429374695,1.9906326532363892,1.0299854278564453,2.8747386932373047,0,1.0,1.1720563009021134e-07,0.002514136489480734,5.057629951025299,411148288.0,8,3.4657359027997265
legacy_fixed_solver,45,2,8,16,256,0.7568852305412292,0.7429539561271667,-0.7199362516403198,0.7152007818222046,0.382798969745636,-7.383595943450928,-13.815510749816895,-5.291729927062988,1,1.0,1.1720563009021134e-07,0.002514136489480734,5.057629951025299,2.884303331375122,8,3.4657359027997265
shift,45,2,8,16,256,0.49160313606262207,0.5712040662765503,-0.6922850608825684,0.6893072724342346,0.3409563899040222,-7.382195472717285,-13.815510749816895,-5.2901763916015625,1,1.0,1.1720563009021134e-07,0.002514136489480734,5.057629951025299,2.8843045234680176,8,3.4657359027997265
am,45,2,8,16,256,0.5126094222068787,0.5475885272026062,-0.6721989512443542,0.6621727347373962,0.3499067723751068,-0.7752648591995239,-13.815510749816895,1.8590152263641357,1,2.9856467247009277,0.8059818148612976,2.82918643951416,3.1822001205157733,10.859345436096191,8,3.4657359027997265
am_over_m,45,2,8,16,256,0.494000107049942,0.5659492015838623,-0.6857976913452148,0.6854329109191895,0.34081000089645386,-0.7752648591995239,-13.815510749816895,1.8590152263641357,1,2.9856467247009277,0.8059818148612976,2.82918643951416,3.1822001205157733,10.859345436096191,8,3.4657359027997265
am_logfit,45,2,8,16,256,0.49459579586982727,0.5450342297554016,-0.66808021068573,0.6643441915512085,0.3666273057460785,-0.6144930124282837,-13.815510749816895,2.112241506576538,1,2.9856467247009277,0.8059818148612976,2.82918643951416,3.1822001205157733,0.11531005054712296,8,3.4657359027997265
beta_off,45,2,16,16,256,0.5188432931900024,0.5972496867179871,-0.5519052147865295,0.5500582456588745,0.2452094554901123,0.0,0.0,0.0,0,nan,nan,nan,nan,nan,16,2.772588722239781
legacy,45,2,16,16,256,0.7017873525619507,0.6943621635437012,-0.7182918787002563,0.7087527513504028,0.27604565024375916,1.522563099861145,0.33450886607170105,2.8747386932373047,0,1.0,1.1720563009021134e-07,0.0020192174706608057,3.687820187105174,490252960.0,16,2.772588722239781
legacy_fixed_solver,45,2,16,16,256,1.6802546977996826,1.9468709230422974,-0.7307597994804382,0.7156893014907837,0.419700562953949,-9.781198501586914,-13.815510749816895,-3.910538911819458,7,1.0,1.1720563009021134e-07,0.0020192174706608057,3.687820187105174,0.5608628392219543,16,2.772588722239781
shift,45,2,16,16,256,0.4909721910953522,0.5642130374908447,-0.6036167144775391,0.59942227602005,0.24860623478889465,-9.780674934387207,-13.815510749816895,-3.9100663661956787,7,1.0,1.1720563009021134e-07,0.0020192174706608057,3.687820187105174,0.5608654022216797,16,2.772588722239781
am,45,2,16,16,256,0.5317990779876709,0.5684630870819092,-0.6318702697753906,0.6311736106872559,0.3397447466850281,-2.746277093887329,-13.815510749816895,2.7163162231445312,4,2.9856467247009277,0.8059818148612976,2.2785098552703857,1.9016665147549492,0.7141319513320923,16,2.772588722239781
am_over_m,45,2,16,16,256,0.48763781785964966,0.547285795211792,-0.5955449342727661,0.5820563435554504,0.25580546259880066,-2.746277093887329,-13.815510749816895,2.7163162231445312,4,2.9856467247009277,0.8059818148612976,2.2785098552703857,1.9016665147549492,0.7141319513320923,16,2.772588722239781
am_logfit,45,2,16,16,256,0.5316184163093567,0.5709527730941772,-0.6251420974731445,0.6216923594474792,0.34040385484695435,-2.2937428951263428,-13.815510749816895,2.8166420459747314,2,2.9856467247009277,0.8059818148612976,2.2785098552703857,1.9016665147549492,0.0066054463386535645,16,2.772588722239781
beta_off,45,2,32,16,256,0.40977993607521057,0.4658457338809967,-0.41542983055114746,0.4115118086338043,0.16957145929336548,0.0,0.0,0.0,0,nan,nan,nan,nan,nan,16,2.0794415416798357
legacy,45,2,32,16,256,0.9989094138145447,1.1493017673492432,-0.5964647531509399,0.5866629481315613,0.43030017614364624,-9.346985816955566,-13.815510749816895,-2.6051063537597656,17,1.0,1.1720563009021134e-07,0.0015178137691691518,3.4056596713639284,335.99761962890625,16,2.0794415416798357
legacy_fixed_solver,45,2,32,16,256,1.0905401706695557,1.1972607374191284,-0.6107358932495117,0.6042255163192749,0.3449864387512207,-10.421831130981445,-13.815510749816895,-4.4144768714904785,18,1.0,1.1720563009021134e-07,0.0015178137691691518,3.4056596713639284,0.358888179063797,16,2.0794415416798357
shift,45,2,32,16,256,0.39845964312553406,0.454129695892334,-0.4837363660335541,0.480239599943161,0.17434051632881165,-10.420517921447754,-13.815510749816895,-4.416197299957275,18,1.0,1.1720563009021134e-07,0.0015178137691691518,3.4056596713639284,0.3589416742324829,16,2.0794415416798357
am,45,2,32,16,256,0.4994523227214813,0.5426168441772461,-0.5465010404586792,0.5429624319076538,0.24184642732143402,-1.392720103263855,-13.815510749816895,1.8611252307891846,4,2.9856467247009277,0.8059818148612976,1.7128355503082275,1.5962268037196603,0.06450517475605011,16,2.0794415416798357
am_over_m,45,2,32,16,256,0.41457998752593994,0.45686349272727966,-0.4595905542373657,0.45830991864204407,0.17485418915748596,-1.392720103263855,-13.815510749816895,1.8611252307891846,4,2.9856467247009277,0.8059818148612976,1.7128355503082275,1.5962268037196603,0.06450517475605011,16,2.0794415416798357
am_logfit,45,2,32,16,256,0.6341615915298462,0.7081353068351746,-0.5573198795318604,0.5433306097984314,0.2794058918952942,-0.3451831340789795,-4.413037300109863,2.447903633117676,0,2.9856467247009277,0.8059818148612976,1.7128355503082275,1.5962268037196603,1.3239098706208097e-10,16,2.0794415416798357
beta_off,46,0,8,16,256,0.5252696871757507,0.6271711587905884,-0.5702880024909973,0.5692881941795349,0.2786282002925873,0.0,0.0,0.0,0,nan,nan,nan,nan,nan,8,3.4657359027997265
legacy,46,0,8,16,256,0.5219277739524841,0.6097269058227539,-0.6768301725387573,0.6764116287231445,0.2954690456390381,2.7176387310028076,2.1245276927948,3.725281238555908,0,1.0,1.0437906183824452e-07,0.001358433859422803,8.494557096827204,8501167616.0,8,3.4657359027997265
legacy_fixed_solver,46,0,8,16,256,0.7969531416893005,0.9930530190467834,-0.7288675904273987,0.719807505607605,0.40319234132766724,-10.182767868041992,-13.815510749816895,-5.5762200355529785,4,1.0,1.0437906183824452e-07,0.001358433859422803,8.494557096827204,2.647979736328125,8,3.4657359027997265
shift,46,0,8,16,256,0.5173839926719666,0.6095874905586243,-0.5939242243766785,0.5905097723007202,0.27996620535850525,-10.182965278625488,-13.815510749816895,-5.5742998123168945,4,1.0,1.0437906183824452e-07,0.001358433859422803,8.494557096827204,2.6479878425598145,8,3.4657359027997265
am,46,0,8,16,256,0.5009857416152954,0.5781404972076416,-0.704389750957489,0.7004874348640442,0.32217490673065186,-1.3905620574951172,-13.815510749816895,1.8994545936584473,1,1.9929211139678955,0.6695219874382019,2.562880754470825,2.9885761464878873,2.22674822807312,8,3.4657359027997265
am_over_m,46,0,8,16,256,0.5212362408638,0.6191049218177795,-0.5913972854614258,0.5807750225067139,0.28060978651046753,-1.3905620574951172,-13.815510749816895,1.8994545936584473,1,1.9929211139678955,0.6695219874382019,2.562880754470825,2.9885761464878873,2.22674822807312,8,3.4657359027997265
am_logfit,46,0,8,16,256,0.512954831123352,0.5990179181098938,-0.6646791696548462,0.6587364673614502,0.2994387745857239,0.7974624037742615,0.07477805018424988,1.5688567161560059,0,1.9929211139678955,0.6695219874382019,2.562880754470825,2.9885761464878873,0.13823121786117554,8,3.4657359027997265
beta_off,46,0,16,16,256,0.4677470326423645,0.5390347838401794,-0.46043452620506287,0.45953211188316345,0.19511419534683228,0.0,0.0,0.0,0,nan,nan,nan,nan,nan,16,2.772588722239781
legacy,46,0,16,16,256,0.7342031002044678,0.8423388600349426,-0.655547022819519,0.6313614249229431,0.2280253916978836,2.2324509620666504,1.5158751010894775,3.725281238555908,0,1.0,1.0437906183824452e-07,0.0009554825373925269,5.36347943563155,9855610880.0,16,2.772588722239781
legacy_fixed_solver,46,0,16,16,256,1.925254464149475,2.111171007156372,-0.5938020348548889,0.5855123996734619,0.4462147355079651,-8.980339050292969,-13.815510749816895,-4.600491523742676,5,1.0,1.0437906183824452e-07,0.0009554825373925269,5.36347943563155,0.8488157987594604,16,2.772588722239781
shift,46,0,16,16,256,0.4723238945007324,0.5557757019996643,-0.4136918783187866,0.40630945563316345,0.19885103404521942,-8.982172966003418,-13.815510749816895,-4.599282264709473,5,1.0,1.0437906183824452e-07,0.0009554825373925269,5.36347943563155,0.8484063148498535,16,2.772588722239781
am,46,0,16,16,256,0.4709525406360626,0.5677933096885681,-0.36302220821380615,0.3040333390235901,0.24474705755710602,0.39805638790130615,-2.3312482833862305,2.085824966430664,0,1.9929211139678955,0.6695219874382019,1.8250852823257446,1.8717860695245696,0.09623715281486511,16,2.772588722239781
am_over_m,46,0,16,16,256,0.45697468519210815,0.5298628211021423,-0.4719546437263489,0.4627330005168915,0.1954551786184311,0.39805638790130615,-2.3312482833862305,2.085824966430664,0,1.9929211139678955,0.6695219874382019,1.8250852823257446,1.8717860695245696,0.09623715281486511,16,2.772588722239781
am_logfit,46,0,16,16,256,0.6877432465553284,0.7128596305847168,-0.5619708895683289,0.5653502941131592,0.42593586444854736,-2.1431591510772705,-12.863987922668457,2.8422963619232178,0,1.9929211139678955,0.6695219874382019,1.8250852823257446,1.8717860695245696,0.0042702266946434975,16,2.772588722239781
beta_off,46,0,32,16,256,0.37388288974761963,0.43602797389030457,-0.3296111524105072,0.32872840762138367,0.13019372522830963,0.0,0.0,0.0,0,nan,nan,nan,nan,nan,16,2.0794415416798357
legacy,46,0,32,16,256,1.150822401046753,1.2282694578170776,-0.4373721480369568,0.5353861451148987,0.39457282423973083,-8.85236644744873,-13.815510749816895,-2.8211843967437744,13,1.0,1.0437906183824452e-07,0.0007296354742720723,4.629215887339155,595.975830078125,16,2.0794415416798357
legacy_fixed_solver,46,0,32,16,256,1.4088845252990723,1.3650299310684204,-0.40764889121055603,0.5024676322937012,0.3982667028903961,-8.964607238769531,-13.815510749816895,-5.31382942199707,10,1.0,1.0437906183824452e-07,0.0007296354742720723,4.629215887339155,0.5368449687957764,16,2.0794415416798357
shift,46,0,32,16,256,0.3351958394050598,0.39479753375053406,-0.2533322274684906,0.2399628609418869,0.13519287109375,-8.988356590270996,-13.815510749816895,-5.317386627197266,10,1.0,1.0437906183824452e-07,0.0007296354742720723,4.629215887339155,0.5362790822982788,16,2.0794415416798357
am,46,0,32,16,256,0.4091351330280304,0.485196977853775,-0.36468783020973206,0.3584838807582855,0.15465164184570312,-0.7412682175636292,-13.815510749816895,1.2993589639663696,2,1.9929211139678955,0.6695219874382019,1.4580020904541016,1.5187038739997414,0.05945393815636635,16,2.0794415416798357
am_over_m,46,0,32,16,256,0.3515724539756775,0.40002450346946716,-0.3373274803161621,0.32825157046318054,0.13096052408218384,-0.7412682175636292,-13.815510749816895,1.2993589639663696,2,1.9929211139678955,0.6695219874382019,1.4580020904541016,1.5187038739997414,0.05945393815636635,16,2.0794415416798357
am_logfit,46,0,32,16,256,0.7342221140861511,0.780480146408081,-0.532605767250061,0.6126603484153748,0.42242497205734253,-6.701350688934326,-13.815510749816895,2.6456782817840576,16,1.9929211139678955,0.6695219874382019,1.4580020904541016,1.5187038739997414,2.6852572773350403e-05,16,2.0794415416798357
beta_off,46,1,8,16,256,0.5371277928352356,0.5572013258934021,-0.6780691146850586,0.6766695976257324,0.3987088203430176,0.0,0.0,0.0,0,nan,nan,nan,nan,nan,8,3.4657359027997265
legacy,46,1,8,16,256,0.5465598702430725,0.5773835778236389,-0.7471469044685364,0.7454014420509338,0.40197664499282837,2.2068967819213867,1.775651454925537,2.7142674922943115,0,1.0,9.973764747428504e-08,0.0026037502102553844,7.942321431754001,613708544.0,8,3.4657359027997265
legacy_fixed_solver,46,1,8,16,256,0.7149166464805603,0.7176660895347595,-0.7842121124267578,0.783478856086731,0.4818497896194458,-9.689081192016602,-13.815510749816895,-4.971428871154785,4,1.0,9.973764747428504e-08,0.0026037502102553844,7.942321431754001,2.2454912662506104,8,3.4657359027997265
shift,46,1,8,16,256,0.5332731604576111,0.5519105792045593,-0.7301216721534729,0.6938729286193848,0.4012356102466583,-9.68899154663086,-13.815510749816895,-4.971067905426025,4,1.0,9.973764747428504e-08,0.0026037502102553844,7.942321431754001,2.2454917430877686,8,3.4657359027997265
am,46,1,8,16,256,0.5376933813095093,0.5604313015937805,-0.7811058163642883,0.7633402347564697,0.4444282054901123,-0.7670650482177734,-13.815510749816895,2.194255828857422,1,3.418144702911377,1.2724480628967285,4.593413352966309,3.1824556987389734,5.385108470916748,8,3.4657359027997265
am_over_m,46,1,8,16,256,0.5385816693305969,0.5548977255821228,-0.6924962997436523,0.6876596212387085,0.4045373797416687,-0.7670650482177734,-13.815510749816895,2.194255828857422,1,3.418144702911377,1.2724480628967285,4.593413352966309,3.1824556987389734,5.385108470916748,8,3.4657359027997265
am_logfit,46,1,8,16,256,0.5496242642402649,0.5663947463035583,-0.7718456983566284,0.7635515928268433,0.45966199040412903,-1.5572179555892944,-10.421051025390625,2.0932326316833496,0,3.418144702911377,1.2724480628967285,4.593413352966309,3.1824556987389734,0.09283152222633362,8,3.4657359027997265
beta_off,46,1,16,16,256,0.5822933912277222,0.6389833688735962,-0.5767775177955627,0.576119601726532,0.2600412666797638,0.0,0.0,0.0,0,nan,nan,nan,nan,nan,16,2.772588722239781
legacy,46,1,16,16,256,0.6201460957527161,0.6537835001945496,-0.6699897050857544,0.6688945889472961,0.2657175064086914,1.9625104665756226,1.446304440498352,2.7142672538757324,0,1.0,9.973764747428504e-08,0.0014091782504692674,4.856847584583075,951836416.0,16,2.772588722239781
legacy_fixed_solver,46,1,16,16,256,1.1789188385009766,1.2259597778320312,-0.7475643754005432,0.7471818327903748,0.4401865005493164,-9.87630558013916,-13.815510749816895,-5.188961029052734,8,1.0,9.973764747428504e-08,0.0014091782504692674,4.856847584583075,1.4549758434295654,16,2.772588722239781
shift,46,1,16,16,256,0.5827593803405762,0.6253337860107422,-0.6071510314941406,0.583314061164856,0.26445093750953674,-9.876224517822266,-13.815510749816895,-5.188801288604736,8,1.0,9.973764747428504e-08,0.0014091782504692674,4.856847584583075,1.4549765586853027,16,2.772588722239781
am,46,1,16,16,256,0.49146148562431335,0.533923327922821,-0.7034435272216797,0.7015992999076843,0.342691570520401,-1.2036433219909668,-13.815510749816895,2.0823514461517334,2,3.418144702911377,1.2724480628967285,2.3796324729919434,2.1633906233820337,1.8089393377304077,16,2.772588722239781
am_over_m,46,1,16,16,256,0.5408172011375427,0.5839953422546387,-0.5991811156272888,0.5976279973983765,0.26844894886016846,-1.2036433219909668,-13.815510749816895,2.0823514461517334,2,3.418144702911377,1.2724480628967285,2.3796324729919434,2.1633906233820337,1.8089393377304077,16,2.772588722239781
am_logfit,46,1,16,16,256,0.5272750854492188,0.5349329113960266,-0.7278581857681274,0.7268219590187073,0.42516079545021057,-5.1305694580078125,-13.815510749816895,2.3312864303588867,5,3.418144702911377,1.2724480628967285,2.3796324729919434,2.1633906233820337,0.016815632581710815,16,2.772588722239781
beta_off,46,1,32,16,256,0.43168559670448303,0.4648628234863281,-0.4144848585128784,0.4111912250518799,0.1710498332977295,0.0,0.0,0.0,0,nan,nan,nan,nan,nan,16,2.0794415416798357
legacy,46,1,32,16,256,0.9174584746360779,0.9513235092163086,-0.6571943163871765,0.651040256023407,0.38080406188964844,-8.749175071716309,-13.815510749816895,-3.391418218612671,14,1.0,9.973764747428504e-08,0.0009728510049171746,3.983752214976899,400.7124328613281,16,2.0794415416798357
legacy_fixed_solver,46,1,32,16,256,1.017356514930725,1.0338505506515503,-0.6688773036003113,0.6666467189788818,0.4020061790943146,-10.255022048950195,-13.815510749816895,-4.915796756744385,17,1.0,9.973764747428504e-08,0.0009728510049171746,3.983752214976899,0.44402387738227844,16,2.0794415416798357
shift,46,1,32,16,256,0.44883278012275696,0.4595712125301361,-0.46066340804100037,0.4544955790042877,0.1757817268371582,-10.256763458251953,-13.815510749816895,-4.912103176116943,17,1.0,9.973764747428504e-08,0.0009728510049171746,3.983752214976899,0.44387489557266235,16,2.0794415416798357
am,46,1,32,16,256,0.5735204815864563,0.6032204627990723,-0.5581958889961243,0.554479718208313,0.26857420802116394,-2.156320810317993,-13.815510749816895,2.0150299072265625,6,3.418144702911377,1.2724480628967285,1.6472508907318115,1.5032809697073393,0.03955087438225746,16,2.0794415416798357
am_over_m,46,1,32,16,256,0.4664948582649231,0.4859018623828888,-0.47036290168762207,0.46853944659233093,0.17959007620811462,-2.156320810317993,-13.815510749816895,2.0150299072265625,6,3.418144702911377,1.2724480628967285,1.6472508907318115,1.5032809697073393,0.03955087438225746,16,2.0794415416798357
am_logfit,46,1,32,16,256,0.596890926361084,0.6290442943572998,-0.5849840044975281,0.5803930163383484,0.27619773149490356,-0.2651654779911041,-4.807374954223633,2.374729633331299,0,3.418144702911377,1.2724480628967285,1.6472508907318115,1.5032809697073393,1.4150819405145398e-10,16,2.0794415416798357
beta_off,46,2,8,16,256,0.45550546050071716,0.5320883393287659,-0.6914753317832947,0.688966691493988,0.3475828170776367,0.0,0.0,0.0,0,nan,nan,nan,nan,nan,8,3.4657359027997265
legacy,46,2,8,16,256,0.5570594072341919,0.5766766667366028,-0.7522926330566406,0.7504639029502869,0.3583095669746399,2.3551995754241943,1.6946032047271729,3.060892343521118,0,1.0,6.882551417675131e-08,0.0016599056543782353,4.112128125047769,1549825152.0,8,3.4657359027997265
legacy_fixed_solver,46,2,8,16,256,0.7255507707595825,0.757040798664093,-0.7315884828567505,0.7256813645362854,0.4013078808784485,-7.343286991119385,-13.815510749816895,-5.340747833251953,1,1.0,6.882551417675131e-08,0.0016599056543782353,4.112128125047769,1.9129178524017334,8,3.4657359027997265
shift,46,2,8,16,256,0.45135554671287537,0.5178947448730469,-0.6993429660797119,0.6988192200660706,0.3483763039112091,-7.344115734100342,-13.815510749816895,-5.340322494506836,1,1.0,6.882551417675131e-08,0.0016599056543782353,4.112128125047769,1.9129196405410767,8,3.4657359027997265
am,46,2,8,16,256,0.45586317777633667,0.5093386173248291,-0.6963589191436768,0.6919539570808411,0.3542286455631256,1.0764727592468262,0.4967347979545593,1.5909289121627808,0,1.9786161184310913,0.7679141163825989,2.905252456665039,2.121029398239133,1.4592456817626953,8,3.4657359027997265
am_over_m,46,2,8,16,256,0.45312896370887756,0.5259774327278137,-0.6949418783187866,0.6946592330932617,0.3476108908653259,1.0764727592468262,0.4967347979545593,1.5909289121627808,0,1.9786161184310913,0.7679141163825989,2.905252456665039,2.121029398239133,1.4592456817626953,8,3.4657359027997265
am_logfit,46,2,8,16,256,0.47719606757164,0.5109314322471619,-0.7415671348571777,0.7302253246307373,0.3732450306415558,1.005347490310669,-0.6851065158843994,1.9890549182891846,0,1.9786161184310913,0.7679141163825989,2.905252456665039,2.121029398239133,0.0330379456281662,8,3.4657359027997265
beta_off,46,2,16,16,256,0.5151131749153137,0.5895020365715027,-0.5819094777107239,0.5812903642654419,0.2789246737957001,0.0,0.0,0.0,0,nan,nan,nan,nan,nan,16,2.772588722239781
legacy,46,2,16,16,256,0.8395192623138428,0.8270767331123352,-0.7156086564064026,0.7135924696922302,0.2985055446624756,1.8928807973861694,1.2093894481658936,3.060892105102539,0,1.0,6.882551417675131e-08,0.0012798450188711286,3.908507429768315,1926369280.0,16,2.772588722239781
legacy_fixed_solver,46,2,16,16,256,1.3125945329666138,1.4247883558273315,-0.6735141277313232,0.6506910920143127,0.41945701837539673,-9.938766479492188,-13.815510749816895,-4.76297664642334,8,1.0,6.882551417675131e-08,0.0012798450188711286,3.908507429768315,1.5716922283172607,16,2.772588722239781
shift,46,2,16,16,256,0.5126044154167175,0.5679683685302734,-0.6024552583694458,0.5997354388237,0.28238680958747864,-9.93784236907959,-13.815510749816895,-4.759942054748535,8,1.0,6.882551417675131e-08,0.0012798450188711286,3.908507429768315,1.5715250968933105,16,2.772588722239781
am,46,2,16,16,256,0.5284292697906494,0.605660617351532,-0.6874290704727173,0.6806004643440247,0.3752349019050598,-2.048358678817749,-13.815510749816895,2.074951648712158,3,1.9786161184310913,0.7679141163825989,2.1845080852508545,1.9011636944911956,0.5859629511833191,16,2.772588722239781
am_over_m,46,2,16,16,256,0.5331944227218628,0.5907085537910461,-0.6068856716156006,0.6036834120750427,0.28321191668510437,-2.048358678817749,-13.815510749816895,2.074951648712158,3,1.9786161184310913,0.7679141163825989,2.1845080852508545,1.9011636944911956,0.5859629511833191,16,2.772588722239781
am_logfit,46,2,16,16,256,0.5632390975952148,0.6094188690185547,-0.659666895866394,0.6343613862991333,0.3982756733894348,-2.9690630435943604,-13.50674057006836,2.2950785160064697,0,1.9786161184310913,0.7679141163825989,2.1845080852508545,1.9011636944911956,0.01310933567583561,16,2.772588722239781
beta_off,46,2,32,16,256,0.4114067554473877,0.4442872107028961,-0.44688889384269714,0.44561848044395447,0.18970568478107452,0.0,0.0,0.0,0,nan,nan,nan,nan,nan,16,2.0794415416798357
legacy,46,2,32,16,256,1.0414249897003174,1.0755441188812256,-0.6786899566650391,0.6766365170478821,0.4009687006473541,-8.197113037109375,-13.815510749816895,-2.2571513652801514,14,1.0,6.882551417675131e-08,0.0009624108206480742,3.2113994242040578,3128.145751953125,16,2.0794415416798357
legacy_fixed_solver,46,2,32,16,256,1.3930920362472534,1.4271798133850098,-0.6941391825675964,0.693372368812561,0.5033643245697021,-10.180506706237793,-13.815510749816895,-4.5852227210998535,17,1.0,6.882551417675131e-08,0.0009624108206480742,3.2113994242040578,0.2521056532859802,16,2.0794415416798357
shift,46,2,32,16,256,0.35890132188796997,0.4008696973323822,-0.37579941749572754,0.37064698338508606,0.194331556558609,-10.17757511138916,-13.815510749816895,-4.585383892059326,17,1.0,6.882551417675131e-08,0.0009624108206480742,3.2113994242040578,0.2519741654396057,16,2.0794415416798357
am,46,2,32,16,256,0.49705955386161804,0.5277314782142639,-0.48011964559555054,0.4686912000179291,0.25765618681907654,-1.2991278171539307,-13.815510749816895,2.006983518600464,4,1.9786161184310913,0.7679141163825989,1.6486319303512573,1.4322225947164888,0.00887158140540123,16,2.0794415416798357
am_over_m,46,2,32,16,256,0.3658807575702667,0.41555869579315186,-0.4825986325740814,0.4802461862564087,0.19529211521148682,-1.2991278171539307,-13.815510749816895,2.006983518600464,4,1.9786161184310913,0.7679141163825989,1.6486319303512573,1.4322225947164888,0.00887158140540123,16,2.0794415416798357
am_logfit,46,2,32,16,256,0.5202674865722656,0.5403304696083069,-0.4813300669193268,0.4813300669193268,0.25062257051467896,0.3255465030670166,-1.6813418865203857,2.2936851978302,0,1.9786161184310913,0.7679141163825989,1.6486319303512573,1.4322225947164888,7.275366420422813e-11,16,2.0794415416798357
