seed,focus_strength,beta_mode,budget,compression_ratio,n_blocks,fixed_length,M,n_eval_queries,n_queries,lhs_median,lhs_mean,rhs_median,rhs_mean,ratio_median,ratio_p5,ratio_min,ratio_max,frac_rhs_ge_lhs,frac_rhs_ge_lhs_tol,frac_at_equality,n_violating,n_violating_strict,rel_tol,lhs_zero_frac,precondition_violation_frac,precondition_margin_median,share_out_median,share_mass_median
42,0.0,none,8,0.03125,2,128,32,48,48,0.5536672629247467,0.6100475303915466,1.3911184915426644,1.4496515756380912,2.3175324711086644,1.8915585203326037,1.7517090197950904,3.886153455541483,1.0,1.0,0.0,0,0,1e-09,0.0,1.0,-4.614867236732156,0.28636749119434096,0.7120472223205941
42,0.0,none,16,0.0625,2,128,32,48,48,0.5192776018869923,0.5671027323441098,1.377297426672238,1.4356296243958033,2.4991075665279743,1.9641262960863186,1.9290468878998892,3.6890467573224552,1.0,1.0,0.0,0,0,1e-09,0.0,1.0,-3.8762636758647453,0.30957601160450604,0.6878361413050101
42,0.0,none,32,0.125,2,128,32,48,48,0.47796753598483316,0.5101746599976019,1.2496038855753664,1.2892907565528766,2.476388363198128,2.0905920630089945,1.9337473926719262,3.2064377120936167,1.0,1.0,0.0,0,0,1e-09,0.0,1.0,-2.4589389179316044,0.2956721302196857,0.7012768684560616
42,0.0,none,64,0.25,2,128,32,48,48,0.3772234294685402,0.4075370288010884,1.0797999175400885,1.106886816773156,2.658207211805314,2.290298286342174,2.1959474316178413,3.4376369981043498,1.0,1.0,0.0,0,0,1e-09,0.0,0.3333333333333333,0.5335374930066976,0.30405328530514625,0.6958977484176617
42,0.0,none,128,0.5,2,128,32,48,48,0.2623013882572126,0.2851685361802502,0.7250787357152857,0.7551320653281269,2.711835318254493,2.1693657795981554,1.9396222994435277,3.3147518948855086,1.0,1.0,0.0,0,0,1e-09,0.0,0.0,6.18738454027301,0.321654002044269,0.6747674994751106
42,0.0,none,256,1.0,2,128,32,48,48,0.2192991659953043,0.2304267831571052,0.21929916599530433,0.2304267831571052,1.0,0.9999999999999996,0.9999999999999994,1.0000000000000009,0.6666666666666666,1.0,1.0,16,0,1e-09,0.0,0.0,18.462511605903792,1.0,0.0
42,0.0,full,8,0.03125,2,128,32,48,48,0.3391126560343584,0.36990250426101373,0.9316817388327285,0.9660607439881864,2.6010675497833993,2.05562164447881,1.8406452905876314,3.594881593599305,1.0,1.0,0.0,0,0,1e-09,0.0,0.14583333333333334,1.863391738010936,0.2819858568401513,0.7173430988822583
42,0.0,full,16,0.0625,2,128,32,48,48,0.2768208148575969,0.3053634638498853,0.662323380124781,0.7067136631646015,2.3762555016985147,1.249552466035846,1.1301328136501947,3.4184411428243844,1.0,1.0,0.0,0,0,1e-09,0.0,0.0,8.524980332444684,0.4068021386168144,0.5722166824131423
42,0.0,full,32,0.125,2,128,32,48,48,0.27621898685168783,0.2982967705463449,0.553121236765008,0.595697295759849,2.054466084275737,1.3021975608448015,1.0017808144236942,3.1256436452475156,1.0,1.0,0.0,0,0,1e-09,0.0,0.0,11.386528831524249,0.476738136911714,0.49180324169555606
42,0.0,full,64,0.25,2,128,32,48,48,0.2896710140510442,0.30049726214511585,0.475127442152521,0.4957381317573272,1.678051053784958,1.0715752832163594,1.0168874164884052,2.709557320482729,1.0,1.0,0.0,0,0,1e-09,0.0,0.0,13.638609165425546,0.6060105576629924,0.39314606097565186
42,0.0,full,128,0.5,2,128,32,48,48,0.2382339252535633,0.24639885343363935,0.3256039871712914,0.3495827463391681,1.4388378011959997,1.0532102092633286,1.0081233941504397,1.9181632923613463,1.0,1.0,0.0,0,0,1e-09,0.0,0.0,16.050666268342596,0.6895074843621412,0.3102218539935471
42,0.0,full,256,1.0,2,128,32,48,48,0.22066703919254632,0.23031006039005622,0.23120434681015903,0.24029688095508606,1.0398680550531523,1.002858304213372,1.0021338961584405,1.1147601039357538,1.0,1.0,0.0,0,0,1e-09,0.0,0.0,18.301854344753178,0.9592920004249571,0.0401644175510648
42,8.0,none,8,0.03125,2,128,32,48,48,0.6529171452374226,0.7342071739608574,2.1727396589601184,2.275064872139146,3.158240647183233,2.628281782220227,1.9297377997685008,4.503962151513607,1.0,1.0,0.0,0,0,1e-09,0.0,0.7083333333333334,-0.34907131907522393,0.2711085045777773,0.7259080592605339
42,8.0,none,16,0.0625,2,128,32,48,48,0.6351169452788816,0.7925464074632204,2.1582069852791155,2.347955395226023,3.1868797150910657,2.085606367519609,1.63943432315617,4.14793522997442,1.0,1.0,0.0,0,0,1e-09,0.0,0.2708333333333333,0.5382827413369871,0.3912840609614521,0.6060662573250213
42,8.0,none,32,0.125,2,128,32,48,48,0.522492114668671,0.6387968760083896,1.6592692020118625,1.726376208785858,2.901994358138428,1.9235671438814848,1.5414562081018126,4.028704920960958,1.0,1.0,0.0,0,0,1e-09,0.0,0.0,2.0597971162901,0.44328923617358157,0.5543688503851746
42,8.0,none,64,0.25,2,128,32,48,48,0.36498837816233903,0.4100031121019807,0.9408641037576546,1.017398826459532,2.515714351388382,1.836304386689152,1.4767416151234736,3.575200798125785,1.0,1.0,0.0,0,0,1e-09,0.0,0.0,3.6128406604370022,0.4096961727510096,0.579484501784376
42,8.0,none,128,0.5,2,128,32,48,48,0.2612754228833603,0.30990013673174627,0.44251399752366527,0.49674052644984784,1.6684130158556585,1.2711325890398881,1.1368989453258918,2.508173288175349,1.0,1.0,0.0,0,0,1e-09,0.0,0.0,5.347916032222244,0.595259243270787,0.4042198590935502
42,8.0,none,256,1.0,2,128,32,48,48,0.2676640293978821,0.3114809508135093,0.267664029397882,0.3114809508135093,1.0,0.9999999999999994,0.9999999999999988,1.000000000000001,0.6041666666666666,1.0,1.0,19,0,1e-09,0.0,0.0,6.257671043483332,1.0,0.0
42,8.0,full,8,0.03125,2,128,32,48,48,0.3562540084364798,0.4467732120336671,0.8810225904174354,1.287048648208842,2.4560936930139667,1.340992552827568,1.0797257750273297,7.1977585079001,1.0,1.0,0.0,0,0,1e-09,0.0,0.0625,3.582505553346472,0.40945941306471484,0.5871175275664885
42,8.0,full,16,0.0625,2,128,32,48,48,0.3937105835017956,0.44997795624326287,0.7486849068193029,1.049248203828113,2.031957739219052,1.1298980652528492,1.0144430803052147,5.355211402746511,1.0,1.0,0.0,0,0,1e-09,0.0,0.020833333333333332,3.9004827159012017,0.4857612503132307,0.5134749067669594
42,8.0,full,32,0.125,2,128,32,48,48,0.30750589722047483,0.3787122178584905,0.4931461507530812,0.6538841987924079,1.6448796670370787,1.1086641615255457,1.0426628411323684,2.9995561841653395,1.0,1.0,0.0,0,0,1e-09,0.0,0.020833333333333332,4.9729266584573155,0.582309006639306,0.40783749437942196
42,8.0,full,64,0.25,2,128,32,48,48,0.25394442244159804,0.3034673263793644,0.3995495897229038,0.4883892192205123,1.5213979945372813,1.1125522566011414,1.045004927536791,2.578512556408225,1.0,1.0,0.0,0,0,1e-09,0.0,0.0,5.6607071192390945,0.6433567634323385,0.3513475909057866
42,8.0,full,128,0.5,2,128,32,48,48,0.24402703298362763,0.2903983735394172,0.3159471321348837,0.385731306142776,1.277883934016755,1.0205787680680658,1.0027801994104302,1.9840706767692957,1.0,1.0,0.0,0,0,1e-09,0.0,0.0,5.989959144358291,0.7794064351992097,0.21555107522611044
42,8.0,full,256,1.0,2,128,32,48,48,0.24965878674795083,0.2938141086398112,0.3101656968897849,0.3798898391097163,1.2219093201236588,1.0443732045659397,1.020898638557991,1.7867254543652553,1.0,1.0,0.0,0,0,1e-09,0.0,0.0,5.967971691012721,0.8054287940148699,0.19074211662407248
43,0.0,none,8,0.03125,2,128,32,48,48,0.570955614702635,0.5885365664260338,1.3236931854150153,1.3496235425636864,2.296816059392689,1.8815997224838044,1.7824030213893156,3.451849373186788,1.0,1.0,0.0,0,0,1e-09,0.0,1.0,-4.215546881255353,0.27599673721601825,0.722404083388867
43,0.0,none,16,0.0625,2,128,32,48,48,0.5272375229869091,0.5436789973344639,1.2573047675932028,1.271781547708356,2.323263676662827,1.9170125036091938,1.8898057154733208,3.6661510123012753,1.0,1.0,0.0,0,0,1e-09,0.0,1.0,-3.5655773010703786,0.26018719941659324,0.7396519344381682
43,0.0,none,32,0.125,2,128,32,48,48,0.4689218410953656,0.48496069954077825,1.1575753343190216,1.1889342695597611,2.4076856381251943,2.1465253208324784,2.1004497823281905,3.1692634185253814,1.0,1.0,0.0,0,0,1e-09,0.0,0.9375,-1.9197116348878573,0.2746743573101571,0.7238510531255887
43,0.0,none,64,0.25,2,128,32,48,48,0.37731011179460017,0.39125121822907455,0.9987551116188081,1.0145211622441919,2.6124633409788216,2.2101967465284242,2.1718486757262685,3.1629891845123104,1.0,1.0,0.0,0,0,1e-09,0.0,0.2916666666666667,0.705327811629088,0.2727723868984474,0.726093050299274
43,0.0,none,128,0.5,2,128,32,48,48,0.2698724782539277,0.2734565495868397,0.6986959883872437,0.7156930989162532,2.574080013922414,2.1386125109413667,2.08714188558631,3.4362056610454936,1.0,1.0,0.0,0,0,1e-09,0.0,0.0,5.934909419938654,0.3197506023009669,0.6788000195815989
43,0.0,none,256,1.0,2,128,32,48,48,0.2153554586425614,0.21618150656275267,0.2153554586425613,0.21618150656275267,1.0,0.9999999999999997,0.9999999999999994,1.0000000000000007,0.625,1.0,1.0,18,0,1e-09,0.0,0.0,17.13230103262778,1.0,0.0
43,0.0,full,8,0.03125,2,128,32,48,48,0.33598371747152866,0.3424600866950376,0.9033585219225857,0.8560410154810225,2.5066762373693807,1.3687226040755178,1.061235631326694,4.726692132993356,1.0,1.0,0.0,0,0,1e-09,0.0,0.16666666666666666,3.087622944781142,0.311028928489633,0.6866333096026352
43,0.0,full,16,0.0625,2,128,32,48,48,0.2946410921075822,0.29888470245520365,0.6016040824575264,0.658428486617766,2.265674099207762,1.0980478360628159,1.0242881940409967,3.9987869693645206,1.0,1.0,0.0,0,0,1e-09,0.0,0.020833333333333332,8.32592815283795,0.39779461481948886,0.5842240988823211
43,0.0,full,32,0.125,2,128,32,48,48,0.29440687446863895,0.2950788091708609,0.5078390751311825,0.528088826454927,1.7972263794321381,1.0709952065245851,1.0144944504360192,3.2251367263499358,1.0,1.0,0.0,0,0,1e-09,0.0,0.0,12.204831227443782,0.5566643557760161,0.43154022186287655
43,0.0,full,64,0.25,2,128,32,48,48,0.270162279777732,0.2610615775282453,0.41443745925867653,0.4425054480046746,1.7318263279867963,1.0754682042979604,1.004661398570152,3.090233648132297,1.0,1.0,0.0,0,0,1e-09,0.0,0.0,12.767916521124194,0.5678493257561248,0.4155505031072959
43,0.0,full,128,0.5,2,128,32,48,48,0.23599308470545766,0.2273082681171885,0.3080012240159395,0.3263104101425508,1.372825370857939,1.0555714684157949,1.0054410721263647,2.3998530961323405,1.0,1.0,0.0,0,0,1e-09,0.0,0.0,13.876704951133615,0.7357102975050923,0.26240424828844006
43,0.0,full,256,1.0,2,128,32,48,48,0.21030219894217234,0.21455502039641505,0.22646822662425564,0.2268716535916281,1.0487528134202349,1.0065846903539741,1.0000570675776637,1.1986445770104897,1.0,1.0,0.0,0,0,1e-09,0.0,0.0,16.561151107386017,0.9489814966732002,0.04639507054570184
43,8.0,none,8,0.03125,2,128,32,48,48,0.8076294927869546,0.8702554941198288,2.7059344665470593,2.629561535349106,3.0831857170104358,2.46670800952275,2.2295473086786473,4.649988614225331,1.0,1.0,0.0,0,0,1e-09,0.0,0.8125,-1.3520924384573272,0.40156407303333985,0.5928524040535947
43,8.0,none,16,0.0625,2,128,32,48,48,0.6047397417551864,0.6503388347046785,1.8983330601058852,1.9738119390719027,3.0335021860742164,2.3854928858446045,2.06028891898028,4.9948876288555635,1.0,1.0,0.0,0,0,1e-09,0.0,0.4791666666666667,0.3597453772950523,0.37300959269666356,0.6207775897287524
43,8.0,none,32,0.125,2,128,32,48,48,0.4840377041465254,0.5067264407816209,1.3564304413456054,1.404840759025115,2.8269344129836838,2.2314181137395237,2.020020966925499,4.49736664809706,1.0,1.0,0.0,0,0,1e-09,0.0,0.0,1.5389214840586796,0.40033289277093814,0.5975305338705655
43,8.0,none,64,0.25,2,128,32,48,48,0.34355448399738825,0.3652818981103985,0.8418307344230798,0.8811726722994875,2.4503731183084723,1.8809719726241398,1.5980460492595316,3.583985732254472,1.0,1.0,0.0,0,0,1e-09,0.0,0.0,3.0804552218595687,0.41917049724633615,0.5709719806608254
43,8.0,none,128,0.5,2,128,32,48,48,0.27475335416437724,0.30689297721686687,0.4578643224599093,0.48100843479531424,1.579197547077935,1.3074119563309732,1.1873049609870687,2.3328433972653166,1.0,1.0,0.0,0,0,1e-09,0.0,0.0,4.144364417072231,0.6275092467054829,0.36987970687878274
43,8.0,none,256,1.0,2,128,32,48,48,0.2865291633567234,0.31922366933309293,0.2865291633567231,0.31922366933309293,1.0,0.9999999999999992,0.999999999999999,1.0000000000000013,0.5833333333333334,1.0,1.0,20,0,1e-09,0.0,0.0,5.175933875142812,1.0,0.0
43,8.0,full,8,0.03125,2,128,32,48,48,0.3775445116505605,0.44592745963054603,0.9977417693506865,1.2074861650419184,2.475953569901325,1.3286521928565649,1.2167788150177548,7.88120390895531,1.0,1.0,0.0,0,0,1e-09,0.0,0.0625,2.2046748103481884,0.4177204198757468,0.58227875812177
43,8.0,full,16,0.0625,2,128,32,48,48,0.34457196283602276,0.3991181528605486,0.6434671153048055,0.8525620460014349,1.8353830364995545,1.091465517997587,1.0005809741585407,5.841502831334791,1.0,1.0,0.0,0,0,1e-09,0.0,0.0,3.87598714646626,0.5498908456578335,0.4337246974380415
43,8.0,full,32,0.125,2,128,32,48,48,0.29561249645680143,0.33772601282238357,0.5597212485699943,0.6202840599901944,1.7430050814039637,1.1630698871721912,1.0041079772414752,5.470973845562424,1.0,1.0,0.0,0,0,1e-09,0.0,0.0,4.049230327270848,0.5606726143995039,0.4306825910741432
43,8.0,full,64,0.25,2,128,32,48,48,0.24794069811091507,0.2747815616497373,0.3729270795962357,0.42582474327360903,1.4958793553952026,1.0277550502130866,1.003161746742529,3.7220054501280955,1.0,1.0,0.0,0,0,1e-09,0.0,0.0,4.391219286883455,0.6670537043136275,0.32746977691315193
43,8.0,full,128,0.5,2,128,32,48,48,0.2460237827842156,0.26884388232290096,0.32952927234770385,0.3736496696708865,1.3147900320826975,1.039358261754793,1.0175036967778692,3.285241542534891,1.0,1.0,0.0,0,0,1e-09,0.0,0.0,4.64561634860623,0.7502164758469633,0.24425785954685653
43,8.0,full,256,1.0,2,128,32,48,48,0.24576213338067698,0.2701290331677107,0.3229070292278095,0.37182055590870894,1.2931227123852234,1.026878054737341,1.0189362633776646,3.3990063425992454,1.0,1.0,0.0,0,0,1e-09,0.0,0.0,4.728391003797795,0.7666256494445021,0.23162763924323357
44,0.0,none,8,0.03125,2,128,32,48,48,0.5346671922376761,0.5260952079313842,1.2154238484585935,1.2344887092976367,2.3745941430025224,2.0918920080659675,1.9083196425412654,2.875751541684451,1.0,1.0,0.0,0,0,1e-09,0.0,1.0,-5.148114503839004,0.22875662896824078,0.7696106971661121
44,0.0,none,16,0.0625,2,128,32,48,48,0.485338943359991,0.48449578611474875,1.202187836593104,1.2014079535835147,2.4880323544369403,2.1745735935518007,1.9498522517278745,2.9705907054848266,1.0,1.0,0.0,0,0,1e-09,0.0,1.0,-4.511023442486028,0.2457211057628242,0.7508643448491277
44,0.0,none,32,0.125,2,128,32,48,48,0.4359315773795642,0.442656861561115,1.215616164096472,1.2338117959708386,2.8045972622138744,2.432460280301575,2.411708441795114,3.435663788606778,1.0,1.0,0.0,0,0,1e-09,0.0,1.0,-2.8803738204558744,0.3023832005333475,0.6944262465245077
44,0.0,none,64,0.25,2,128,32,48,48,0.3450350522525734,0.35205205032991027,0.990279820686675,1.006309428961188,2.8230674565770126,2.4775523072117824,2.1872804069822136,3.6091367197776267,1.0,1.0,0.0,0,0,1e-09,0.0,0.3958333333333333,0.5418238639187827,0.30122808500974135,0.6968445246435019
44,0.0,none,128,0.5,2,128,32,48,48,0.2562412682240039,0.26122412747296575,0.6866847782939915,0.69243346090772,2.6943145883947253,2.1653558219247278,2.052890942515452,3.5219001737913285,1.0,1.0,0.0,0,0,1e-09,0.0,0.0,6.539268232299925,0.34139446790954125,0.6568043083405685
44,0.0,none,256,1.0,2,128,32,48,48,0.2205800353918208,0.21924698043986915,0.22058003539182078,0.21924698043986912,1.0,0.9999999999999997,0.9999999999999994,1.0000000000000009,0.6666666666666666,1.0,1.0,16,0,1e-09,0.0,0.0,18.616774312180066,1.0,0.0
44,0.0,full,8,0.03125,2,128,32,48,48,0.2993254809699559,0.303948820044781,0.7587347475819823,0.7523126492670809,2.548929013957421,1.5301485719391295,1.165499356179165,3.5341610698626638,1.0,1.0,0.0,0,0,1e-09,0.0,0.125,5.231438294999945,0.3577436446690811,0.6344583632897975
44,0.0,full,16,0.0625,2,128,32,48,48,0.27538996141678473,0.28236909573333274,0.5791182432943842,0.6029566265586903,2.086790227840478,1.3226500523018114,1.0755796906313224,3.9015377816665375,1.0,1.0,0.0,0,0,1e-09,0.0,0.041666666666666664,8.900675664800648,0.47784995440618827,0.5191850688380081
44,0.0,full,32,0.125,2,128,32,48,48,0.27777668629699953,0.29283696314052093,0.5550807007567766,0.5694271579268699,2.0598066542274625,1.0795862416164266,1.0569052723366328,3.0828153067224093,1.0,1.0,0.0,0,0,1e-09,0.0,0.0,11.524306823997296,0.49216786737515406,0.5046021125164115
44,0.0,full,64,0.25,2,128,32,48,48,0.26262760676721325,0.27053949269261596,0.45455931234610536,0.45539950677276364,1.6384433005765375,1.155742678156619,1.04078137392454,2.677775722984411,1.0,1.0,0.0,0,0,1e-09,0.0,0.0,13.68476126005745,0.6106292883557796,0.3854548763676741
44,0.0,full,128,0.5,2,128,32,48,48,0.23065877224800385,0.23198247599639732,0.3009143383566377,0.32440713198302423,1.3921167123874598,1.0885773451224399,1.0016876540924062,1.8655616651661455,1.0,1.0,0.0,0,0,1e-09,0.0,0.0,16.15337211293402,0.7095867246386512,0.2817856813547285
44,0.0,full,256,1.0,2,128,32,48,48,0.22031981999563088,0.2190889825765802,0.23139519824986166,0.2306017437271485,1.0536470870424786,1.009971510829297,1.0085898019914314,1.1322732328415244,1.0,1.0,0.0,0,0,1e-09,0.0,0.0,18.355678107830023,0.9476620286692532,0.051881474917397294
44,8.0,none,8,0.03125,2,128,32,48,48,0.8294164935356542,0.894603903918744,2.4088551456163296,2.546006762075733,2.91857538302173,2.186846016546264,1.7865384055149969,4.617663685242254,1.0,1.0,0.0,0,0,1e-09,0.0,0.9375,-1.7620699229922874,0.4136510379573927,0.5829249570921358
44,8.0,none,16,0.0625,2,128,32,48,48,0.5308784008463493,0.5708567335072172,1.8220469688199012,1.8669407742192545,3.428752534772748,2.4872247394030373,2.2990564004381935,5.35284394444924,1.0,1.0,0.0,0,0,1e-09,0.0,0.6041666666666666,-0.26814150547199533,0.3664901337391369,0.6325274782806398
44,8.0,none,32,0.125,2,128,32,48,48,0.5009134149510813,0.5839820965414736,1.4683445148810637,1.5782913439617998,2.7621929976677086,2.061124945353361,1.9053205845085677,4.183633774037837,1.0,1.0,0.0,0,0,1e-09,0.0,0.0,1.2147121916303338,0.4188934868529303,0.5665408754319435
44,8.0,none,64,0.25,2,128,32,48,48,0.32378223200414996,0.378254398330461,0.8093925771352319,0.9303571778093084,2.566799185010824,1.8526028242440433,1.7845524368562469,4.688394840513475,1.0,1.0,0.0,0,0,1e-09,0.0,0.0,3.8628564655301627,0.40890780679413147,0.5828544554086508
44,8.0,none,128,0.5,2,128,32,48,48,0.2539848366754441,0.29636795685493006,0.4519671385897893,0.48721109662504786,1.6412453115216565,1.3169101316814422,1.2797141341890124,2.627957043023448,1.0,1.0,0.0,0,0,1e-09,0.0,0.0,6.133162976218131,0.6181979449778046,0.3809652810936782
44,8.0,none,256,1.0,2,128,32,48,48,0.25671406119680473,0.2827986264781322,0.25671406119680495,0.2827986264781322,1.0,0.9999999999999996,0.9999999999999996,1.0000000000000009,0.5625,1.0,1.0,21,0,1e-09,0.0,0.0,7.432921639850827,1.0,0.0
44,8.0,full,8,0.03125,2,128,32,48,48,0.37089707164526425,0.43067321492486976,0.8145007874604423,0.9407130608279801,2.11538703533962,1.1430148828404185,1.0816947118830549,3.354153441953154,1.0,1.0,0.0,0,0,1e-09,0.0,0.0625,3.808780777599633,0.43513248551726,0.5479826517062875
44,8.0,full,16,0.0625,2,128,32,48,48,0.3438612348348598,0.3680897894970425,0.6640927844537747,0.8013581597031192,1.9315396842276034,1.0827575340677316,1.0320604645226477,5.040130416576177,1.0,1.0,0.0,0,0,1e-09,0.0,0.020833333333333332,4.820040969864401,0.5232388808921071,0.4758369209666897
44,8.0,full,32,0.125,2,128,32,48,48,0.32032664101648706,0.3577052385826131,0.5519752429344364,0.6350970287601826,1.6623020295247233,1.0218695978048824,1.0027515193277243,2.9800924160800673,1.0,1.0,0.0,0,0,1e-09,0.0,0.0,6.075704469911683,0.6088247626776837,0.3907581279497602
44,8.0,full,64,0.25,2,128,32,48,48,0.2545626340879809,0.2932239234238414,0.3837992577615519,0.4724488802764804,1.5095172648856137,1.100932481560638,1.054122050324602,3.1178100669866655,1.0,1.0,0.0,0,0,1e-09,0.0,0.0,6.5099570763687264,0.6573878275491724,0.33953792638707453
44,8.0,full,128,0.5,2,128,32,48,48,0.24163724043597393,0.2696718828791462,0.2999869165321004,0.3676842940331618,1.298029783529212,1.035197526706832,1.0223740081826196,2.255681932646706,1.0,1.0,0.0,0,0,1e-09,0.0,0.0,7.167048750309043,0.7548280794581187,0.22707121501833802
44,8.0,full,256,1.0,2,128,32,48,48,0.23609603888124403,0.2640873177374455,0.2810505538811554,0.3366260996461174,1.2191709269684103,1.040919671807629,1.0157482683922097,1.9403179268780228,1.0,1.0,0.0,0,0,1e-09,0.0,0.0,7.378673500522551,0.8060246612942814,0.1793071344098758
45,0.0,none,8,0.03125,2,128,32,48,48,0.5679161269233807,0.6049578820390499,1.3883526083335767,1.4626620330733846,2.370289449495997,2.0094732686384433,1.8205800909897667,3.654932691496903,1.0,1.0,0.0,0,0,1e-09,0.0,1.0,-4.346598223786314,0.28857813945848443,0.7112154217076653
45,0.0,none,16,0.0625,2,128,32,48,48,0.5528182675702346,0.5906352751628087,1.6082153365441125,1.6852688226956456,2.8073881856196437,2.200732045479488,1.9828242787112367,4.4304831187776035,1.0,1.0,0.0,0,0,1e-09,0.0,0.9791666666666666,-3.207374024597998,0.38939466629031944,0.6047933296347185
45,0.0,none,32,0.125,2,128,32,48,48,0.46366834201958945,0.5152682605950374,1.282993398853839,1.3543067625048713,2.631148391370722,2.211083563348079,2.187240331149533,3.4736946931624124,1.0,1.0,0.0,0,0,1e-09,0.0,0.9791666666666666,-1.842802776260168,0.3264831366940682,0.6720992033655344
45,0.0,none,64,0.25,2,128,32,48,48,0.381260584497814,0.41151959688159767,1.0167178470322669,1.0904290070964417,2.5943196147262144,2.329075921901365,2.204870699365559,3.48832186048562,1.0,1.0,0.0,0,0,1e-09,0.0,0.1875,0.5628489453492769,0.28960395298283736,0.7081390313995862
45,0.0,none,128,0.5,2,128,32,48,48,0.2859401401648562,0.3121709850872703,0.7033857540303147,0.7669721533830504,2.4692106518190657,2.1076476108556617,1.934130607662632,3.2498807636035663,1.0,1.0,0.0,0,0,1e-09,0.0,0.0,5.909509049700823,0.3292627158998429,0.6695200017875534
45,0.0,none,256,1.0,2,128,32,48,48,0.21329424753589085,0.2533208841008865,0.21329424753589077,0.2533208841008865,1.0,0.9999999999999996,0.9999999999999994,1.0000000000000007,0.6041666666666666,1.0,1.0,19,0,1e-09,0.0,0.0,16.017567418332266,1.0,0.0
45,0.0,full,8,0.03125,2,128,32,48,48,0.35111858598283985,0.3792524747250281,0.8809319267328358,0.9227320941871154,2.3475472059170692,1.5822792830508927,1.2012512886022666,5.785983424972468,1.0,1.0,0.0,0,0,1e-09,0.0,0.08333333333333333,2.798387309898029,0.35183882665320315,0.631953389458715
45,0.0,full,16,0.0625,2,128,32,48,48,0.2987883388694918,0.3258529096456657,0.6022823239872843,0.7425659568689967,2.1151120733238873,1.316426424723796,1.110873689890501,5.073726158543805,1.0,1.0,0.0,0,0,1e-09,0.0,0.0625,8.072067476896725,0.4308474765789285,0.554969659873402
45,0.0,full,32,0.125,2,128,32,48,48,0.30559204673972806,0.33537627710841345,0.5221785080715217,0.6219833056949209,1.8196712296304773,1.1065013228567058,1.0064902639671172,3.2027673100064957,1.0,1.0,0.0,0,0,1e-09,0.0,0.041666666666666664,11.397354837159568,0.5410921476775814,0.4542881451977285
45,0.0,full,64,0.25,2,128,32,48,48,0.2793560741588145,0.3085264321484175,0.5115179983073737,0.5524075997227865,1.723953824774665,1.1619303134773065,1.0329466005135537,3.0268486576240066,1.0,1.0,0.0,0,0,1e-09,0.0,0.020833333333333332,11.98537999494254,0.5686885050547992,0.42399949143008026
45,0.0,full,128,0.5,2,128,32,48,48,0.22731492402588332,0.26551414568716875,0.33248351030806444,0.3802250926691603,1.3818771250692115,1.0399355896915972,1.008649472565154,2.190417779377772,1.0,1.0,0.0,0,0,1e-09,0.0,0.0,13.535441946597238,0.7103253587581277,0.28676565794748676
45,0.0,full,256,1.0,2,128,32,48,48,0.21386665322949297,0.25248468945221253,0.23491721846607005,0.26848112820069997,1.0623214078206016,1.0067910881820703,1.0013865495340282,1.1846675144661942,1.0,1.0,0.0,0,0,1e-09,0.0,0.0,15.47216550931072,0.9368274024618838,0.062322817087288075
45,8.0,none,8,0.03125,2,128,32,48,48,0.7587272155791256,0.8179017752678058,2.365325947147757,2.4845893680488267,3.025772364240604,2.3475943840688025,2.147237719353382,4.786109619777824,1.0,1.0,0.0,0,0,1e-09,0.0,0.75,-0.42290253909099107,0.36424043353137103,0.62313326076447
45,8.0,none,16,0.0625,2,128,32,48,48,0.826318194623387,1.0269326900932414,2.2119248931665534,2.5240623070438155,2.7312365382030106,1.8486681493524448,1.4996498630376323,4.565477134456784,1.0,1.0,0.0,0,0,1e-09,0.0,0.14583333333333334,0.6902636015774481,0.4749186529323271,0.5173262861598613
45,8.0,none,32,0.125,2,128,32,48,48,0.503887197530711,0.5625615850363054,1.3950557451954044,1.4582833016609937,2.6151894650304275,2.0222045926932353,1.6354212327806452,4.0195214558828845,1.0,1.0,0.0,0,0,1e-09,0.0,0.0,2.0510108842383206,0.3799385477882297,0.6023252980220858
45,8.0,none,64,0.25,2,128,32,48,48,0.32571059526871693,0.3328429132023135,0.7766365325536497,0.8049649192388487,2.473782801825503,1.7826258201141023,1.7473337649492595,3.596370869387912,1.0,1.0,0.0,0,0,1e-09,0.0,0.0,3.691694150411122,0.41585833055886545,0.5835919291367687
45,8.0,none,128,0.5,2,128,32,48,48,0.27316847125287763,0.28204335716391854,0.43135925125590446,0.4512994852377901,1.579096040174367,1.3145474011997442,1.2493219966630007,2.233219373985177,1.0,1.0,0.0,0,0,1e-09,0.0,0.0,4.754549004130874,0.6214549408521,0.36974822934080076
45,8.0,none,256,1.0,2,128,32,48,48,0.26784269743642314,0.28676565823638683,0.2678426974364232,0.28676565823638683,1.0,0.9999999999999993,0.9999999999999989,1.0000000000000009,0.5625,1.0,1.0,21,0,1e-09,0.0,0.0,5.536582997844304,1.0,0.0
45,8.0,full,8,0.03125,2,128,32,48,48,0.39713824023192973,0.4128894939065093,0.7898128540929277,0.9433642912596109,2.214728405003322,1.1643060987798446,1.02660608252978,4.253011494518514,1.0,1.0,0.0,0,0,1e-09,0.0,0.0,3.3100602135558805,0.4500769357669881,0.5467756495213194
45,8.0,full,16,0.0625,2,128,32,48,48,0.30582637243865013,0.3607606550469488,0.7128977529933792,0.7480038336826783,2.0079182204195782,1.0471086785482238,1.0098747177154452,3.8439734858342343,1.0,1.0,0.0,0,0,1e-09,0.0,0.0,3.8205209751898463,0.4975847611658294,0.4973000976569513
45,8.0,full,32,0.125,2,128,32,48,48,0.2986827677822543,0.32773609874426307,0.508576120368857,0.5397273697202569,1.5169929083962688,1.0965859373134463,1.0587497255833098,3.505561696790209,1.0,1.0,0.0,0,0,1e-09,0.0,0.0,4.693595924193644,0.6612538278473963,0.33131900663534003
45,8.0,full,64,0.25,2,128,32,48,48,0.23536768580234288,0.2598081827345129,0.34081180279037476,0.4140843602452311,1.3931022994055091,1.1091972952120503,1.0119477430154404,2.579318160142846,1.0,1.0,0.0,0,0,1e-09,0.0,0.0,4.829985811086576,0.7046544111763569,0.2831533883151562
45,8.0,full,128,0.5,2,128,32,48,48,0.22685058784384837,0.246342240711141,0.2775215672443918,0.3390123985534597,1.2063420314847562,1.0240818038436001,1.0004289027938378,2.315189265853767,1.0,1.0,0.0,0,0,1e-09,0.0,0.0,5.145198420358664,0.8263122857706693,0.17249073467937165
45,8.0,full,256,1.0,2,128,32,48,48,0.2308643587701045,0.2472340170877467,0.2813071959051878,0.33396665247740315,1.2041173452367906,1.0231218963072592,1.0056550918680898,2.3134226763460193,1.0,1.0,0.0,0,0,1e-09,0.0,0.0,5.260400133347849,0.8294311213951814,0.16914636305368272
46,0.0,none,8,0.03125,2,128,32,48,48,0.5734495943662973,0.5923206674447976,1.4389531672257019,1.4459343738150698,2.4092354844154573,1.9956120441142278,1.7717402799950386,4.022629850114038,1.0,1.0,0.0,0,0,1e-09,0.0,1.0,-4.939649567642174,0.291097961087085,0.6996205047639453
46,0.0,none,16,0.0625,2,128,32,48,48,0.5516431204992157,0.5814947622832253,1.482307734159198,1.641070126293194,2.6307636205848,2.1932574197727313,1.911349815315236,4.048978699315421,1.0,1.0,0.0,0,0,1e-09,0.0,1.0,-4.103208208318243,0.3867378097704352,0.6044828899564606
46,0.0,none,32,0.125,2,128,32,48,48,0.49649660130126716,0.4913183579943234,1.2376316506224039,1.2602589551157928,2.543653862708244,2.1555411329655003,2.0776852645965027,4.121054904948132,1.0,1.0,0.0,0,0,1e-09,0.0,0.9375,-2.3090479656470606,0.2874630588271653,0.7121818851935539
46,0.0,none,64,0.25,2,128,32,48,48,0.3926679413316792,0.40632725015755544,1.0470359099044224,1.0636233352270843,2.5937473123971215,2.285491037904144,2.1566113807000593,3.1113936802857443,1.0,1.0,0.0,0,0,1e-09,0.0,0.3125,0.39679587812504735,0.28911608604084,0.7066159952482621
46,0.0,none,128,0.5,2,128,32,48,48,0.2713108437780459,0.2741721683295701,0.6889112543878837,0.7270001423185121,2.570223725194344,2.2417224673404523,2.080424146802542,3.5456969511289587,1.0,1.0,0.0,0,0,1e-09,0.0,0.0,6.311105904956257,0.33594759321116724,0.6607469499477499
46,0.0,none,256,1.0,2,128,32,48,48,0.21720063727103867,0.21710287283410343,0.21720063727103867,0.21710287283410343,1.0,0.9999999999999996,0.999999999999999,1.0000000000000004,0.5625,1.0,1.0,21,0,1e-09,0.0,0.0,18.098157457518514,1.0,0.0
46,0.0,full,8,0.03125,2,128,32,48,48,0.32574044060499224,0.34307929042963164,0.8968329032171616,0.8844346753024287,2.5198883107129944,1.7920614418127498,1.48692212248227,4.3825441427309535,1.0,1.0,0.0,0,0,1e-09,0.0,0.125,3.7874377340357466,0.33264365475151236,0.662557449027087
46,0.0,full,16,0.0625,2,128,32,48,48,0.308266723716795,0.31696042730901697,0.7526875600654299,0.7446539833617454,2.420416809717401,1.1888342087297792,1.0086052448764045,4.705079389543617,1.0,1.0,0.0,0,0,1e-09,0.0,0.020833333333333332,6.694148064597719,0.38862830483543,0.5979798048469275
46,0.0,full,32,0.125,2,128,32,48,48,0.27061170965466264,0.2828063600302036,0.5271986892101206,0.5506962496017089,1.917101088277727,1.1686268637956994,1.1216600892175357,3.395670458023447,1.0,1.0,0.0,0,0,1e-09,0.0,0.0,10.960665434457965,0.5018515605285803,0.4859993856157568
46,0.0,full,64,0.25,2,128,32,48,48,0.2654519809759478,0.27543047540093313,0.4496870511178297,0.4719167367632882,1.6375842161076464,1.107762777240842,1.0301055069128067,3.171839041536062,1.0,1.0,0.0,0,0,1e-09,0.0,0.0,12.761984732758787,0.6141701730149455,0.37898526131219284
46,0.0,full,128,0.5,2,128,32,48,48,0.22024348473999072,0.2279362605694167,0.29138065374238503,0.3260239854744807,1.3541655964927926,1.028222010786509,1.0001734863261404,2.6151105390524516,1.0,1.0,0.0,0,0,1e-09,0.0,0.0,15.02347180817928,0.7318297768026644,0.25886046301138493
46,0.0,full,256,1.0,2,128,32,48,48,0.2159352610555428,0.21627194344962844,0.2262379884752883,0.22614973368747768,1.036125452991477,1.0085710910640069,1.0011911252202563,1.1271799443434671,1.0,1.0,0.0,0,0,1e-09,0.0,0.0,17.639719625631212,0.9612018022242053,0.03658062425519708
46,8.0,none,8,0.03125,2,128,32,48,48,0.7338280458511238,0.8489679184121203,2.3930617128325298,2.6228569521294083,3.1481333871281305,2.4504845323777324,1.9624741331534379,4.97797270246577,1.0,1.0,0.0,0,0,1e-09,0.0,0.8958333333333334,-1.3158679028130376,0.3630681762145053,0.6356576804174905
46,8.0,none,16,0.0625,2,128,32,48,48,0.5624672182814481,0.5897059321117081,2.05022635406352,2.0551631314383667,3.5061338732840173,2.8222709932039267,2.6112469761276484,4.988872788830531,1.0,1.0,0.0,0,0,1e-09,0.0,0.5833333333333334,-0.20036270123478417,0.336242901258815,0.6503155161103521
46,8.0,none,32,0.125,2,128,32,48,48,0.4245887642025188,0.45596090107209114,1.4563634276781947,1.5140646060548029,3.3931026280207592,2.4337001901244744,2.1003618226344716,5.178977913949292,1.0,1.0,0.0,0,0,1e-09,0.0,0.0,1.6648961345979876,0.34236968903431125,0.6541551482827755
46,8.0,none,64,0.25,2,128,32,48,48,0.29518613207641936,0.31466449902652377,0.8348397767312701,0.875053813338588,2.804145823865335,2.0856129034204125,1.8173692973432214,4.169799388166229,1.0,1.0,0.0,0,0,1e-09,0.0,0.0,3.893142331417433,0.3580997052798629,0.6417710724036341
46,8.0,none,128,0.5,2,128,32,48,48,0.2595181997033548,0.28032118653641763,0.4691574558137096,0.47899561392215234,1.7729174412504265,1.344966228073228,1.289194513054951,2.719164632377777,1.0,1.0,0.0,0,0,1e-09,0.0,0.0,5.897748075677926,0.573301901283911,0.4196965087965447
46,8.0,none,256,1.0,2,128,32,48,48,0.26582680479549453,0.28897616297811507,0.26582680479549453,0.28897616297811507,1.0,0.9999999999999996,0.9999999999999994,1.0000000000000007,0.625,1.0,1.0,18,0,1e-09,0.0,0.0,6.803844812041798,1.0,0.0
46,8.0,full,8,0.03125,2,128,32,48,48,0.36620150231149534,0.40959606639106044,0.9312791462083576,1.0090860270248008,2.441707142745194,1.2572405089203171,1.0509933735896897,4.536621978156941,1.0,1.0,0.0,0,0,1e-09,0.0,0.0,3.6057229688236507,0.40021434070362416,0.5996456104178018
46,8.0,full,16,0.0625,2,128,32,48,48,0.34672216787643984,0.36983285007621425,0.7694776375483834,0.8338191788746725,2.1804958741191944,1.2459106799176796,1.0118734488924346,3.99511408248365,1.0,1.0,0.0,0,0,1e-09,0.0,0.0,4.233354349971357,0.4518447342810532,0.5469499977891118
46,8.0,full,32,0.125,2,128,32,48,48,0.329818253438354,0.35593468574243126,0.5487092840636225,0.606952819058769,1.6163973506662714,1.0675189785807455,1.0201844106748514,3.528233437548347,1.0,1.0,0.0,0,0,1e-09,0.0,0.0,5.678543212783289,0.5807856221076164,0.3812023045027405
46,8.0,full,64,0.25,2,128,32,48,48,0.24539017561864773,0.27912850632041747,0.38574270786564735,0.41040222808643745,1.3856741015619514,1.0512014246723769,1.0327285153367376,2.6832102947931427,1.0,1.0,0.0,0,0,1e-09,0.0,0.0,6.545982089032616,0.7088922610139544,0.2823279220073718
46,8.0,full,128,0.5,2,128,32,48,48,0.2458437653808853,0.2709668264734451,0.34331673306751953,0.35660369465140346,1.2792856458095652,1.0378558712598656,1.0057729937088642,1.9232259528570856,1.0,1.0,0.0,0,0,1e-09,0.0,0.0,6.363023632229087,0.7590104771789205,0.22409459068184162
46,8.0,full,256,1.0,2,128,32,48,48,0.253354463018514,0.2734460417616326,0.32264621820450945,0.34314656291111706,1.2641648943535697,1.0342574314517359,1.0121558658598966,1.6778255229916348,1.0,1.0,0.0,0,0,1e-09,0.0,0.0,6.399863576893884,0.7886781565489773,0.20881888932331472
