protocol,n_fit_queries,n_eval_queries,beta_mode,focus_strength,budget,dest,dcc_mean_rel_err,shared_mean_rel_err,delta_shared_minus_dcc
in-sample,48,48,full,0.0,16,0,0.6253014206886292,0.7438063025474548,0.11850488185882568
in-sample,48,48,full,0.0,16,1,0.5793331265449524,0.6890881061553955,0.10975497961044312
in-sample,48,48,full,0.0,16,2,0.6321631669998169,0.7504997253417969,0.11833655834197998
in-sample,48,48,full,0.0,16,3,0.589320957660675,0.7625611424446106,0.17324018478393555
in-sample,48,48,full,0.0,32,0,0.5520522594451904,0.9051907658576965,0.3531385064125061
in-sample,48,48,full,0.0,32,1,0.48442038893699646,0.7802664637565613,0.2958460748195648
in-sample,48,48,full,0.0,32,2,0.5464927554130554,0.8065109848976135,0.2600182294845581
in-sample,48,48,full,0.0,32,3,0.46785369515419006,0.8401095271110535,0.3722558319568634
in-sample,48,48,full,0.0,64,0,0.35252246260643005,0.7434945702552795,0.3909721076488495
in-sample,48,48,full,0.0,64,1,0.2933514416217804,0.6922828555107117,0.3989314138889313
in-sample,48,48,full,0.0,64,2,0.3348100185394287,0.6575220227241516,0.3227120041847229
in-sample,48,48,full,0.0,64,3,0.3492796719074249,0.7171945571899414,0.3679148852825165
in-sample,48,48,full,0.0,128,0,0.28460022807121277,0.5773938298225403,0.2927936017513275
in-sample,48,48,full,0.0,128,1,0.2426210641860962,0.527515172958374,0.28489410877227783
in-sample,48,48,full,0.0,128,2,0.2672835886478424,0.5243890881538391,0.2571054995059967
in-sample,48,48,full,0.0,128,3,0.27663084864616394,0.5579168796539307,0.2812860310077667
in-sample,48,48,full,2.0,16,0,0.6130192279815674,0.755852460861206,0.14283323287963867
in-sample,48,48,full,2.0,16,1,0.5248970985412598,0.7488881945610046,0.22399109601974487
in-sample,48,48,full,2.0,16,2,0.570864737033844,0.7714613080024719,0.20059657096862793
in-sample,48,48,full,2.0,16,3,0.5886205434799194,0.7935716509819031,0.20495110750198364
in-sample,48,48,full,2.0,32,0,0.5352743864059448,0.8919220566749573,0.35664767026901245
in-sample,48,48,full,2.0,32,1,0.3505922257900238,0.8014084696769714,0.45081624388694763
in-sample,48,48,full,2.0,32,2,0.4296865165233612,0.9101002812385559,0.4804137647151947
in-sample,48,48,full,2.0,32,3,0.43578410148620605,0.8807771801948547,0.4449930787086487
in-sample,48,48,full,2.0,64,0,0.3222489058971405,0.6798393130302429,0.3575904071331024
in-sample,48,48,full,2.0,64,1,0.2913995683193207,0.6834807991981506,0.39208123087882996
in-sample,48,48,full,2.0,64,2,0.35696545243263245,0.710705041885376,0.35373958945274353
in-sample,48,48,full,2.0,64,3,0.34715235233306885,0.7493064403533936,0.4021540880203247
in-sample,48,48,full,2.0,128,0,0.2661832571029663,0.5330649614334106,0.26688170433044434
in-sample,48,48,full,2.0,128,1,0.22584575414657593,0.5501043200492859,0.32425856590270996
in-sample,48,48,full,2.0,128,2,0.2518232762813568,0.5660169720649719,0.3141936957836151
in-sample,48,48,full,2.0,128,3,0.24173115193843842,0.5836091041564941,0.3418779522180557
in-sample,48,48,full,4.0,16,0,0.552716076374054,0.7588464617729187,0.20613038539886475
in-sample,48,48,full,4.0,16,1,0.47226181626319885,0.7793867588043213,0.30712494254112244
in-sample,48,48,full,4.0,16,2,0.4984675943851471,0.761284351348877,0.26281675696372986
in-sample,48,48,full,4.0,16,3,0.5372133255004883,0.7869403958320618,0.2497270703315735
in-sample,48,48,full,4.0,32,0,0.44920623302459717,0.7919818758964539,0.3427756428718567
in-sample,48,48,full,4.0,32,1,0.34575319290161133,0.8201503753662109,0.4743971824645996
in-sample,48,48,full,4.0,32,2,0.40073418617248535,0.7675963044166565,0.36686211824417114
in-sample,48,48,full,4.0,32,3,0.43766435980796814,0.839409351348877,0.4017449915409088
in-sample,48,48,full,4.0,64,0,0.2770686149597168,0.6936375498771667,0.41656893491744995
in-sample,48,48,full,4.0,64,1,0.24896180629730225,0.6470919847488403,0.3981301784515381
in-sample,48,48,full,4.0,64,2,0.26267895102500916,0.6888999342918396,0.42622098326683044
in-sample,48,48,full,4.0,64,3,0.28300905227661133,0.7010655403137207,0.4180564880371094
in-sample,48,48,full,4.0,128,0,0.24222294986248016,0.5326784253120422,0.2904554754495621
in-sample,48,48,full,4.0,128,1,0.1970822662115097,0.5202614665031433,0.3231792002916336
in-sample,48,48,full,4.0,128,2,0.2078518271446228,0.5626595616340637,0.3548077344894409
in-sample,48,48,full,4.0,128,3,0.2304665595293045,0.5541332364082336,0.32366667687892914
in-sample,48,48,full,8.0,16,0,0.31600379943847656,0.6008812785148621,0.2848774790763855
in-sample,48,48,full,8.0,16,1,0.274569571018219,0.5507491827011108,0.27617961168289185
in-sample,48,48,full,8.0,16,2,0.2339908629655838,0.7678513526916504,0.5338604897260666
in-sample,48,48,full,8.0,16,3,0.3333145081996918,0.8056182265281677,0.47230371832847595
in-sample,48,48,full,8.0,32,0,0.19038540124893188,0.580183207988739,0.38979780673980713
in-sample,48,48,full,8.0,32,1,0.18283064663410187,0.43099653720855713,0.24816589057445526
in-sample,48,48,full,8.0,32,2,0.13372884690761566,0.8811407685279846,0.747411921620369
in-sample,48,48,full,8.0,32,3,0.22696475684642792,0.680748701095581,0.45378394424915314
in-sample,48,48,full,8.0,64,0,0.12980543076992035,0.45994052290916443,0.3301350921392441
in-sample,48,48,full,8.0,64,1,0.11689528822898865,0.384310245513916,0.26741495728492737
in-sample,48,48,full,8.0,64,2,0.09645208716392517,0.6019842028617859,0.5055321156978607
in-sample,48,48,full,8.0,64,3,0.14853085577487946,0.5397806167602539,0.39124976098537445
in-sample,48,48,full,8.0,128,0,0.12858815491199493,0.3969506323337555,0.26836247742176056
in-sample,48,48,full,8.0,128,1,0.11378928273916245,0.3494322597980499,0.23564297705888748
in-sample,48,48,full,8.0,128,2,0.09843408316373825,0.5843835473060608,0.48594946414232254
in-sample,48,48,full,8.0,128,3,0.1371181607246399,0.46059346199035645,0.32347530126571655
in-sample,48,48,full,16.0,16,0,0.05643413960933685,0.26983311772346497,0.2133989781141281
in-sample,48,48,full,16.0,16,1,0.06975478678941727,0.239893838763237,0.17013905197381973
in-sample,48,48,full,16.0,16,2,0.033895622938871384,0.5331634879112244,0.499267864972353
in-sample,48,48,full,16.0,16,3,0.08510333299636841,0.38764992356300354,0.30254659056663513
in-sample,48,48,full,16.0,32,0,0.03755227476358414,0.15937457978725433,0.1218223050236702
in-sample,48,48,full,16.0,32,1,0.04213142395019531,0.1500478833913803,0.107916459441185
in-sample,48,48,full,16.0,32,2,0.023574599996209145,0.5123341679573059,0.48875956796109676
in-sample,48,48,full,16.0,32,3,0.04002999886870384,0.28496962785720825,0.2449396289885044
in-sample,48,48,full,16.0,64,0,0.03959447145462036,0.1397724598646164,0.10017798840999603
in-sample,48,48,full,16.0,64,1,0.040120918303728104,0.11614406108856201,0.07602314278483391
in-sample,48,48,full,16.0,64,2,0.024717362597584724,0.47637808322906494,0.4516607206314802
in-sample,48,48,full,16.0,64,3,0.03696715831756592,0.18430288136005402,0.1473357230424881
in-sample,48,48,full,16.0,128,0,0.04387957230210304,0.13327758014202118,0.08939800783991814
in-sample,48,48,full,16.0,128,1,0.043298300355672836,0.11447647213935852,0.07117817178368568
in-sample,48,48,full,16.0,128,2,0.028436675667762756,0.4694475829601288,0.44101090729236603
in-sample,48,48,full,16.0,128,3,0.0382818765938282,0.18033353984355927,0.14205166324973106
in-sample,48,48,over_m,0.0,16,0,0.8236536979675293,1.420491337776184,0.5968376398086548
in-sample,48,48,over_m,0.0,16,1,0.8573365211486816,1.3193111419677734,0.4619746208190918
in-sample,48,48,over_m,0.0,16,2,1.4645742177963257,1.3536596298217773,-0.11091458797454834
in-sample,48,48,over_m,0.0,16,3,0.798053503036499,1.3283940553665161,0.5303405523300171
in-sample,48,48,over_m,0.0,32,0,1.0659921169281006,1.0068354606628418,-0.05915665626525879
in-sample,48,48,over_m,0.0,32,1,0.8376399874687195,0.9577903747558594,0.12015038728713989
in-sample,48,48,over_m,0.0,32,2,1.1804007291793823,0.928676426410675,-0.2517243027687073
in-sample,48,48,over_m,0.0,32,3,0.8082888126373291,0.9065391421318054,0.09825032949447632
in-sample,48,48,over_m,0.0,64,0,0.6906998753547668,0.8065069317817688,0.11580705642700195
in-sample,48,48,over_m,0.0,64,1,0.5381835103034973,0.7763873934745789,0.23820388317108154
in-sample,48,48,over_m,0.0,64,2,0.5580775141716003,0.7528274059295654,0.1947498917579651
in-sample,48,48,over_m,0.0,64,3,0.6494807600975037,0.7839657664299011,0.13448500633239746
in-sample,48,48,over_m,0.0,128,0,0.39857742190361023,0.6003633141517639,0.2017858922481537
in-sample,48,48,over_m,0.0,128,1,0.38459518551826477,0.5689399242401123,0.18434473872184753
in-sample,48,48,over_m,0.0,128,2,0.3786128759384155,0.5661556124687195,0.18754273653030396
in-sample,48,48,over_m,0.0,128,3,0.43879833817481995,0.597500741481781,0.15870240330696106
in-sample,48,48,over_m,2.0,16,0,0.7545574307441711,1.3507596254348755,0.5962021946907043
in-sample,48,48,over_m,2.0,16,1,0.7002620697021484,1.0741947889328003,0.37393271923065186
in-sample,48,48,over_m,2.0,16,2,0.9834479689598083,1.3681830167770386,0.3847350478172302
in-sample,48,48,over_m,2.0,16,3,1.6671754121780396,1.2017979621887207,-0.46537744998931885
in-sample,48,48,over_m,2.0,32,0,1.0914409160614014,0.8685669898986816,-0.22287392616271973
in-sample,48,48,over_m,2.0,32,1,0.8515540957450867,0.8172957301139832,-0.034258365631103516
in-sample,48,48,over_m,2.0,32,2,0.7957912087440491,0.8868600726127625,0.09106886386871338
in-sample,48,48,over_m,2.0,32,3,1.0496233701705933,0.8640443682670593,-0.18557900190353394
in-sample,48,48,over_m,2.0,64,0,0.67659592628479,0.793863832950592,0.117267906665802
in-sample,48,48,over_m,2.0,64,1,0.5096994042396545,0.7722112536430359,0.26251184940338135
in-sample,48,48,over_m,2.0,64,2,0.6943680644035339,0.7776119709014893,0.08324390649795532
in-sample,48,48,over_m,2.0,64,3,0.6206106543540955,0.8520545363426208,0.2314438819885254
in-sample,48,48,over_m,2.0,128,0,0.39120280742645264,0.601188063621521,0.20998525619506836
in-sample,48,48,over_m,2.0,128,1,0.33181247115135193,0.6078466773033142,0.2760342061519623
in-sample,48,48,over_m,2.0,128,2,0.4199526309967041,0.6026182174682617,0.18266558647155762
in-sample,48,48,over_m,2.0,128,3,0.3185420334339142,0.6439136862754822,0.325371652841568
in-sample,48,48,over_m,4.0,16,0,0.7998389601707458,1.1385420560836792,0.33870309591293335
in-sample,48,48,over_m,4.0,16,1,0.8043287396430969,1.427667260169983,0.623338520526886
in-sample,48,48,over_m,4.0,16,2,1.5292447805404663,1.821123719215393,0.29187893867492676
in-sample,48,48,over_m,4.0,16,3,0.9917448163032532,1.5340790748596191,0.542334258556366
in-sample,48,48,over_m,4.0,32,0,1.2837456464767456,1.1524837017059326,-0.131261944770813
in-sample,48,48,over_m,4.0,32,1,0.967242956161499,1.0567195415496826,0.0894765853881836
in-sample,48,48,over_m,4.0,32,2,1.2427685260772705,1.355847716331482,0.11307919025421143
in-sample,48,48,over_m,4.0,32,3,0.9187772870063782,1.2855918407440186,0.3668145537376404
in-sample,48,48,over_m,4.0,64,0,0.5767140984535217,0.8501763939857483,0.27346229553222656
in-sample,48,48,over_m,4.0,64,1,0.469694048166275,0.7468747496604919,0.2771807014942169
in-sample,48,48,over_m,4.0,64,2,0.7479348182678223,0.8137475848197937,0.06581276655197144
in-sample,48,48,over_m,4.0,64,3,0.621524453163147,0.8398966193199158,0.2183721661567688
in-sample,48,48,over_m,4.0,128,0,0.3702717125415802,0.5741419196128845,0.20387020707130432
in-sample,48,48,over_m,4.0,128,1,0.2852602005004883,0.5570825934410095,0.27182239294052124
in-sample,48,48,over_m,4.0,128,2,0.3879587948322296,0.5954955220222473,0.2075367271900177
in-sample,48,48,over_m,4.0,128,3,0.3382377326488495,0.6058405637741089,0.2676028311252594
in-sample,48,48,over_m,8.0,16,0,0.8693451881408691,0.7643937468528748,-0.10495144128799438
in-sample,48,48,over_m,8.0,16,1,0.48293766379356384,0.7543504238128662,0.27141276001930237
in-sample,48,48,over_m,8.0,16,2,0.3821152150630951,0.9569970965385437,0.5748818814754486
in-sample,48,48,over_m,8.0,16,3,0.5431516766548157,1.18588387966156,0.6427322030067444
in-sample,48,48,over_m,8.0,32,0,0.5289271473884583,0.7889887690544128,0.2600616216659546
in-sample,48,48,over_m,8.0,32,1,0.42686572670936584,0.5546892285346985,0.12782350182533264
in-sample,48,48,over_m,8.0,32,2,0.38335785269737244,0.9102891087532043,0.5269312560558319
in-sample,48,48,over_m,8.0,32,3,0.5604594945907593,0.8184091448783875,0.2579496502876282
in-sample,48,48,over_m,8.0,64,0,0.3505987226963043,0.6225060820579529,0.27190735936164856
in-sample,48,48,over_m,8.0,64,1,0.3606064021587372,0.653093159198761,0.2924867570400238
in-sample,48,48,over_m,8.0,64,2,0.23460090160369873,0.6129899024963379,0.37838900089263916
in-sample,48,48,over_m,8.0,64,3,0.3157070577144623,0.6239246726036072,0.3082176148891449
in-sample,48,48,over_m,8.0,128,0,0.2156091183423996,0.4462956190109253,0.2306865006685257
in-sample,48,48,over_m,8.0,128,1,0.172689750790596,0.4294426143169403,0.2567528635263443
in-sample,48,48,over_m,8.0,128,2,0.17882126569747925,0.5900979042053223,0.411276638507843
in-sample,48,48,over_m,8.0,128,3,0.2237236499786377,0.49755191802978516,0.27382826805114746
in-sample,48,48,over_m,16.0,16,0,0.06690797209739685,0.3061978220939636,0.23928984999656677
in-sample,48,48,over_m,16.0,16,1,0.13085497915744781,0.2678179442882538,0.13696296513080597
in-sample,48,48,over_m,16.0,16,2,0.041971828788518906,0.5310630798339844,0.48909125104546547
in-sample,48,48,over_m,16.0,16,3,0.12348270416259766,0.4068466126918793,0.2833639085292816
in-sample,48,48,over_m,16.0,32,0,0.04406255856156349,0.16828329861164093,0.12422074005007744
in-sample,48,48,over_m,16.0,32,1,0.06670334190130234,0.17070037126541138,0.10399702936410904
in-sample,48,48,over_m,16.0,32,2,0.02799166738986969,0.5094977021217346,0.48150603473186493
in-sample,48,48,over_m,16.0,32,3,0.06453012675046921,0.29810595512390137,0.23357582837343216
in-sample,48,48,over_m,16.0,64,0,0.052780672907829285,0.14691531658172607,0.09413464367389679
in-sample,48,48,over_m,16.0,64,1,0.05516468361020088,0.13081641495227814,0.07565173134207726
in-sample,48,48,over_m,16.0,64,2,0.0365675650537014,0.4741690158843994,0.437601450830698
in-sample,48,48,over_m,16.0,64,3,0.04891406372189522,0.19824175536632538,0.14932769164443016
in-sample,48,48,over_m,16.0,128,0,0.07653447985649109,0.1402435451745987,0.0637090653181076
in-sample,48,48,over_m,16.0,128,1,0.08247885853052139,0.14361460506916046,0.06113574653863907
in-sample,48,48,over_m,16.0,128,2,0.05864987149834633,0.46803998947143555,0.4093901179730892
in-sample,48,48,over_m,16.0,128,3,0.06316588073968887,0.1970093846321106,0.13384350389242172
in-sample,48,48,none,0.0,16,0,0.8447707295417786,1.4740830659866333,0.6293123364448547
in-sample,48,48,none,0.0,16,1,0.8748392462730408,1.3709524869918823,0.49611324071884155
in-sample,48,48,none,0.0,16,2,1.511688232421875,1.4003939628601074,-0.11129426956176758
in-sample,48,48,none,0.0,16,3,0.8125446438789368,1.3775882720947266,0.5650436282157898
in-sample,48,48,none,0.0,32,0,1.084079384803772,1.006134033203125,-0.07794535160064697
in-sample,48,48,none,0.0,32,1,0.8581125140190125,0.9606325030326843,0.10251998901367188
in-sample,48,48,none,0.0,32,2,1.206568956375122,0.9301106929779053,-0.2764582633972168
in-sample,48,48,none,0.0,32,3,0.820046603679657,0.906239926815033,0.08619332313537598
in-sample,48,48,none,0.0,64,0,0.7074125409126282,0.8080482482910156,0.10063570737838745
in-sample,48,48,none,0.0,64,1,0.548529326915741,0.7803645730018616,0.2318352460861206
in-sample,48,48,none,0.0,64,2,0.566045880317688,0.757145881652832,0.19110000133514404
in-sample,48,48,none,0.0,64,3,0.6602191925048828,0.7864810824394226,0.1262618899345398
in-sample,48,48,none,0.0,128,0,0.4041943848133087,0.602043092250824,0.19784870743751526
in-sample,48,48,none,0.0,128,1,0.39050090312957764,0.5713624358177185,0.18086153268814087
in-sample,48,48,none,0.0,128,2,0.38383057713508606,0.5686394572257996,0.1848088800907135
in-sample,48,48,none,0.0,128,3,0.44607457518577576,0.599871814250946,0.1537972390651703
in-sample,48,48,none,2.0,16,0,0.7853973507881165,1.3840280771255493,0.5986307263374329
in-sample,48,48,none,2.0,16,1,0.7123067378997803,1.1037647724151611,0.39145803451538086
in-sample,48,48,none,2.0,16,2,1.0167860984802246,1.4127672910690308,0.39598119258880615
in-sample,48,48,none,2.0,16,3,1.7363067865371704,1.2298811674118042,-0.5064256191253662
in-sample,48,48,none,2.0,32,0,1.1189727783203125,0.8634083271026611,-0.25556445121765137
in-sample,48,48,none,2.0,32,1,0.8758840560913086,0.8165064454078674,-0.05937761068344116
in-sample,48,48,none,2.0,32,2,0.8089265823364258,0.881892204284668,0.07296562194824219
in-sample,48,48,none,2.0,32,3,1.0783218145370483,0.8595998883247375,-0.2187219262123108
in-sample,48,48,none,2.0,64,0,0.6934394240379333,0.7953892350196838,0.10194981098175049
in-sample,48,48,none,2.0,64,1,0.5178087949752808,0.7746190428733826,0.2568102478981018
in-sample,48,48,none,2.0,64,2,0.7016802430152893,0.7797752022743225,0.0780949592590332
in-sample,48,48,none,2.0,64,3,0.6309101581573486,0.8519600033760071,0.22104984521865845
in-sample,48,48,none,2.0,128,0,0.3969619572162628,0.6047589182853699,0.20779696106910706
in-sample,48,48,none,2.0,128,1,0.33661866188049316,0.6111711859703064,0.27455252408981323
in-sample,48,48,none,2.0,128,2,0.42681559920310974,0.6050565838813782,0.17824098467826843
in-sample,48,48,none,2.0,128,3,0.32203465700149536,0.6470246911048889,0.32499003410339355
in-sample,48,48,none,4.0,16,0,0.8235862851142883,1.1623703241348267,0.33878403902053833
in-sample,48,48,none,4.0,16,1,0.8247501254081726,1.4643241167068481,0.6395739912986755
in-sample,48,48,none,4.0,16,2,1.6670016050338745,1.8974300622940063,0.23042845726013184
in-sample,48,48,none,4.0,16,3,1.0217102766036987,1.5922330617904663,0.5705227851867676
in-sample,48,48,none,4.0,32,0,1.3275002241134644,1.1701388359069824,-0.15736138820648193
in-sample,48,48,none,4.0,32,1,1.001160740852356,1.0647832155227661,0.06362247467041016
in-sample,48,48,none,4.0,32,2,1.3035706281661987,1.3833460807800293,0.07977545261383057
in-sample,48,48,none,4.0,32,3,0.9347937107086182,1.30828058719635,0.37348687648773193
in-sample,48,48,none,4.0,64,0,0.5874765515327454,0.8549143671989441,0.26743781566619873
in-sample,48,48,none,4.0,64,1,0.47796639800071716,0.7484977841377258,0.27053138613700867
in-sample,48,48,none,4.0,64,2,0.7683531641960144,0.8159590363502502,0.04760587215423584
in-sample,48,48,none,4.0,64,3,0.632719099521637,0.8426201939582825,0.2099010944366455
in-sample,48,48,none,4.0,128,0,0.3768824636936188,0.5762864947319031,0.1994040310382843
in-sample,48,48,none,4.0,128,1,0.2893202602863312,0.5589783787727356,0.2696581184864044
in-sample,48,48,none,4.0,128,2,0.3971569538116455,0.5971424579620361,0.19998550415039062
in-sample,48,48,none,4.0,128,3,0.34379950165748596,0.608374297618866,0.26457479596138
in-sample,48,48,none,8.0,16,0,0.9112453460693359,0.7853076457977295,-0.12593770027160645
in-sample,48,48,none,8.0,16,1,0.49394491314888,0.7661927342414856,0.2722478210926056
in-sample,48,48,none,8.0,16,2,0.38992929458618164,0.9648239612579346,0.5748946666717529
in-sample,48,48,none,8.0,16,3,0.5547240972518921,1.2038532495498657,0.6491291522979736
in-sample,48,48,none,8.0,32,0,0.5435892939567566,0.8043398857116699,0.26075059175491333
in-sample,48,48,none,8.0,32,1,0.4385451376438141,0.5629765391349792,0.12443140149116516
in-sample,48,48,none,8.0,32,2,0.3945842981338501,0.9109752178192139,0.5163909196853638
in-sample,48,48,none,8.0,32,3,0.5783708691596985,0.8269181847572327,0.24854731559753418
in-sample,48,48,none,8.0,64,0,0.36013975739479065,0.6283846497535706,0.2682448923587799
in-sample,48,48,none,8.0,64,1,0.3707393705844879,0.6668508648872375,0.29611149430274963
in-sample,48,48,none,8.0,64,2,0.240426704287529,0.6135631203651428,0.37313641607761383
in-sample,48,48,none,8.0,64,3,0.32275232672691345,0.6297585964202881,0.30700626969337463
in-sample,48,48,none,8.0,128,0,0.21947228908538818,0.44860365986824036,0.22913137078285217
in-sample,48,48,none,8.0,128,1,0.17538927495479584,0.4341057538986206,0.25871647894382477
in-sample,48,48,none,8.0,128,2,0.18227843940258026,0.5904137492179871,0.4081353098154068
in-sample,48,48,none,8.0,128,3,0.22818796336650848,0.4994901120662689,0.27130214869976044
in-sample,48,48,none,16.0,16,0,0.06752215325832367,0.30777108669281006,0.2402489334344864
in-sample,48,48,none,16.0,16,1,0.13355156779289246,0.26907917857170105,0.1355276107788086
in-sample,48,48,none,16.0,16,2,0.0424252487719059,0.530972421169281,0.4885471723973751
in-sample,48,48,none,16.0,16,3,0.12549805641174316,0.4077634811401367,0.28226542472839355
in-sample,48,48,none,16.0,32,0,0.044469039887189865,0.1688781976699829,0.12440915778279305
in-sample,48,48,none,16.0,32,1,0.06790018826723099,0.17189538478851318,0.1039951965212822
in-sample,48,48,none,16.0,32,2,0.02826097421348095,0.5094082951545715,0.4811473209410906
in-sample,48,48,none,16.0,32,3,0.06572874635457993,0.29892590641975403,0.2331971600651741
in-sample,48,48,none,16.0,64,0,0.05368753895163536,0.14742882549762726,0.0937412865459919
in-sample,48,48,none,16.0,64,1,0.05598163232207298,0.13160599768161774,0.07562436535954475
in-sample,48,48,none,16.0,64,2,0.037327539175748825,0.4741418659687042,0.4368143267929554
in-sample,48,48,none,16.0,64,3,0.04951520264148712,0.19902724027633667,0.14951203763484955
in-sample,48,48,none,16.0,128,0,0.07878738641738892,0.14081870019435883,0.06203131377696991
in-sample,48,48,none,16.0,128,1,0.08454830199480057,0.14531241357326508,0.06076411157846451
in-sample,48,48,none,16.0,128,2,0.0605265311896801,0.46832475066185,0.4077982194721699
in-sample,48,48,none,16.0,128,3,0.0646083876490593,0.19805596768856049,0.1334475800395012
